#time, dark_ADC, dark_V, active_ADC, active_V, temp_ADC, temp_F, batt_ADC, batt_V, diff_ADC, diff_V
2022-04-04 18:16:47, 9, 0.007, 56, 0.045, 784, 63.2, 3277, 2.641, 47, 0.038
2022-04-04 18:16:48, 4, 0.003, 54, 0.044, 784, 63.2, 3313, 2.670, 50, 0.040
2022-04-04 18:16:49, 203, 0.164, 389, 0.313, 784, 63.2, 3312, 2.669, 186, 0.150
2022-04-04 18:16:50, 177, 0.143, 305, 0.246, 782, 63.0, 3311, 2.668, 128, 0.103
2022-04-04 18:16:51, 150, 0.121, 272, 0.219, 782, 63.0, 3306, 2.664, 122, 0.098
2022-04-04 18:16:52, 208, 0.168, 321, 0.259, 783, 63.1, 2907, 2.343, 113, 0.091
2022-04-04 18:16:53, 49, 0.039, 176, 0.142, 780, 62.9, 3297, 2.657, 127, 0.102
2022-04-04 18:16:54, 55, 0.044, 76, 0.061, 782, 63.0, 3299, 2.659, 21, 0.017
2022-04-04 18:16:55, 0, 0.000, 421, 0.339, 784, 63.2, 3305, 2.663, 421, 0.339
2022-04-04 18:16:56, 0, 0.000, 361, 0.291, 784, 63.2, 3269, 2.634, 361, 0.291
2022-04-04 18:16:57, 75, 0.060, 202, 0.163, 783, 63.1, 3294, 2.655, 127, 0.102
2022-04-04 18:16:58, 85, 0.068, 176, 0.142, 782, 63.0, 3294, 2.655, 91, 0.073
2022-04-04 18:16:59, 93, 0.075, 174, 0.140, 779, 62.8, 3285, 2.647, 81, 0.065
2022-04-04 18:17:00, 86, 0.069, 144, 0.116, 770, 62.1, 3402, 2.742, 58, 0.047
2022-04-04 18:17:01, 93, 0.075, 145, 0.117, 784, 63.2, 3307, 2.665, 52, 0.042
2022-04-04 18:17:02, 104, 0.084, 144, 0.116, 771, 62.1, 3342, 2.693, 40, 0.032
2022-04-04 18:17:03, 89, 0.072, 158, 0.127, 782, 63.0, 3303, 2.662, 69, 0.056
2022-04-04 18:17:04, 86, 0.069, 133, 0.107, 764, 61.6, 3283, 2.646, 47, 0.038
2022-04-04 18:17:05, 91, 0.073, 145, 0.117, 781, 62.9, 3299, 2.659, 54, 0.044
2022-04-04 18:17:06, 59, 0.048, 164, 0.132, 771, 62.1, 3408, 2.746, 105, 0.085
2022-04-04 18:17:07, 74, 0.060, 160, 0.129, 782, 63.0, 3299, 2.659, 86, 0.069
2022-04-04 18:17:08, 80, 0.064, 969, 0.781, 780, 62.9, 3301, 2.660, 889, 0.716
2022-04-04 18:17:09, 49, 0.039, 61, 0.049, 781, 62.9, 3295, 2.655, 12, 0.010
2022-04-04 18:17:10, 0, 0.000, 672, 0.542, 781, 62.9, 3297, 2.657, 672, 0.542
2022-04-04 18:17:11, 0, 0.000, 835, 0.673, 779, 62.8, 3295, 2.655, 835, 0.673
2022-04-04 18:17:12, 0, 0.000, 711, 0.573, 783, 63.1, 3296, 2.656, 711, 0.573
2022-04-04 18:17:13, 0, 0.000, 714, 0.575, 781, 62.9, 3290, 2.651, 714, 0.575
2022-04-04 18:17:14, 0, 0.000, 650, 0.524, 778, 62.7, 3293, 2.654, 650, 0.524
2022-04-04 18:17:15, 0, 0.000, 675, 0.544, 782, 63.0, 3229, 2.602, 675, 0.544
2022-04-04 18:17:16, 0, 0.000, 235, 0.189, 782, 63.0, 3292, 2.653, 235, 0.189
2022-04-04 18:17:17, 0, 0.000, 29, 0.023, 782, 63.0, 3287, 2.649, 29, 0.023
2022-04-04 18:17:18, 14, 0.011, 208, 0.168, 783, 63.1, 3290, 2.651, 194, 0.156
2022-04-04 18:17:19, 0, 0.000, 622, 0.501, 779, 62.8, 3290, 2.651, 622, 0.501
2022-04-04 18:17:20, 0, 0.000, 528, 0.425, 782, 63.0, 3289, 2.650, 528, 0.425
2022-04-04 18:17:21, 0, 0.000, 490, 0.395, 780, 62.9, 3290, 2.651, 490, 0.395
2022-04-04 18:17:22, 0, 0.000, 390, 0.314, 784, 63.2, 3290, 2.651, 390, 0.314
2022-04-04 18:17:23, 0, 0.000, 54, 0.044, 782, 63.0, 3286, 2.648, 54, 0.044
2022-04-04 18:17:24, 0, 0.000, 171, 0.138, 782, 63.0, 3281, 2.644, 171, 0.138
2022-04-04 18:17:25, 29, 0.023, 59, 0.048, 782, 63.0, 3283, 2.646, 30, 0.024
2022-04-04 18:17:26, 0, 0.000, 1957, 1.577, 781, 62.9, 2903, 2.339, 1957, 1.577
2022-04-04 18:17:27, 15, 0.012, 29, 0.023, 783, 63.1, 3287, 2.649, 14, 0.011
2022-04-04 18:17:28, 76, 0.061, 162, 0.131, 781, 62.9, 3285, 2.647, 86, 0.069
2022-04-04 18:17:29, 133, 0.107, 176, 0.142, 782, 63.0, 3287, 2.649, 43, 0.035
2022-04-04 18:17:30, 0, 0.000, 3958, 3.190, 781, 62.9, 3281, 2.644, 3958, 3.190
2022-04-04 18:17:31, 0, 0.000, 3472, 2.798, 781, 62.9, 3283, 2.646, 3472, 2.798
2022-04-04 18:17:32, 0, 0.000, 3966, 3.196, 781, 62.9, 3280, 2.643, 3966, 3.196
2022-04-04 18:17:33, 0, 0.000, 3699, 2.981, 783, 63.1, 3283, 2.646, 3699, 2.981
2022-04-04 18:17:34, 0, 0.000, 3738, 3.012, 782, 63.0, 3281, 2.644, 3738, 3.012
2022-04-04 18:17:35, 0, 0.000, 3735, 3.010, 781, 62.9, 3280, 2.643, 3735, 3.010
2022-04-04 18:17:36, 0, 0.000, 3978, 3.206, 781, 62.9, 3280, 2.643, 3978, 3.206
2022-04-04 18:17:37, 0, 0.000, 3844, 3.098, 779, 62.8, 3280, 2.643, 3844, 3.098
2022-04-04 18:17:38, 0, 0.000, 3846, 3.099, 782, 63.0, 3279, 2.642, 3846, 3.099
2022-04-04 18:17:39, 0, 0.000, 3856, 3.107, 781, 62.9, 2891, 2.330, 3856, 3.107
2022-04-04 18:17:40, 0, 0.000, 3103, 2.501, 781, 62.9, 3280, 2.643, 3103, 2.501
2022-04-04 18:17:41, 0, 0.000, 1445, 1.164, 781, 62.9, 3280, 2.643, 1445, 1.164
2022-04-06 13:13:08, 0, 0.000, 4021, 3.240, 724, 58.3, 3374, 2.719, 4021, 3.240, 3454.978, *
2022-04-06 13:13:13, 0, 0.000, 4015, 3.236, 726, 58.5, 3414, 2.751, 4015, 3.236, 3449.874, *
2022-04-06 13:13:18, 0, 0.000, 4016, 3.236, 727, 58.6, 3413, 2.750, 4016, 3.236, 3450.725, *
2022-04-06 13:13:23, 0, 0.000, 4021, 3.240, 727, 58.6, 3411, 2.749, 4021, 3.240, 3454.978, *
2022-04-06 13:13:28, 0, 0.000, 4016, 3.236, 726, 58.5, 3396, 2.737, 4016, 3.236, 3450.725, *
2022-04-06 13:13:33, 0, 0.000, 4011, 3.232, 729, 58.7, 3389, 2.731, 4011, 3.232, 3446.471, *
2022-04-06 13:13:38, 0, 0.000, 4011, 3.232, 728, 58.7, 3372, 2.717, 4011, 3.232, 3446.471, *
2022-04-06 13:13:43, 0, 0.000, 3856, 3.107, 726, 58.5, 3162, 2.548, 3856, 3.107, 3314.613
2022-04-06 13:13:48, 0, 0.000, 4002, 3.225, 731, 58.9, 3310, 2.667, 4002, 3.225, 3438.815, *
2022-04-06 13:13:53, 0, 0.000, 4032, 3.249, 729, 58.7, 3077, 2.480, 4032, 3.249, 3464.336, *
2022-04-06 13:13:58, 0, 0.000, 4012, 3.233, 731, 58.9, 3310, 2.667, 4012, 3.233, 3447.322, *
2022-04-06 13:14:03, 0, 0.000, 3797, 3.060, 730, 58.8, 3308, 2.666, 3797, 3.060, 3264.421
2022-04-06 13:14:08, 41, 0.033, 67, 0.054, 732, 59.0, 3303, 2.662, 26, 0.021, 56.425, *
2022-04-06 13:14:13, 66, 0.053, 494, 0.398, 729, 58.7, 3173, 2.557, 428, 0.345, 398.407
2022-04-06 13:14:18, 54, 0.044, 216, 0.174, 734, 59.2, 3260, 2.627, 162, 0.131, 172.120
2022-04-06 13:14:23, 0, 0.000, 171, 0.138, 734, 59.2, 3293, 2.654, 171, 0.138, 179.776
2022-04-06 13:14:28, 34, 0.027, 154, 0.124, 735, 59.2, 3289, 2.650, 120, 0.097, 136.390
2022-04-06 13:14:33, 5, 0.004, 25, 0.020, 736, 59.3, 3299, 2.659, 20, 0.016, 51.320, *
2022-04-06 13:14:38, 21, 0.017, 48, 0.039, 735, 59.2, 3277, 2.641, 27, 0.022, 57.275, *
2022-04-06 13:14:43, 30, 0.024, 62, 0.050, 737, 59.4, 3295, 2.655, 32, 0.026, 61.529, *
2022-04-06 13:14:48, 40, 0.032, 73, 0.059, 738, 59.5, 3292, 2.653, 33, 0.027, 62.379, *
2022-04-06 13:14:53, 42, 0.034, 75, 0.060, 738, 59.5, 3232, 2.605, 33, 0.027, 62.379, *
2022-04-06 13:14:58, 44, 0.035, 83, 0.067, 738, 59.5, 3284, 2.646, 39, 0.031, 67.484, *
2022-04-06 13:15:03, 39, 0.031, 79, 0.064, 739, 59.6, 3284, 2.646, 40, 0.032, 68.334, *
2022-04-06 13:15:08, 6, 0.005, 47, 0.038, 740, 59.6, 3283, 2.646, 41, 0.033, 69.185, *
2022-04-06 13:15:13, 1, 0.001, 41, 0.033, 738, 59.5, 3350, 2.700, 40, 0.032, 68.334, *
2022-04-06 13:15:18, 3, 0.002, 48, 0.039, 741, 59.7, 3283, 2.646, 45, 0.036, 72.588, *
2022-04-06 13:15:23, 34, 0.027, 79, 0.064, 743, 59.9, 3264, 2.630, 45, 0.036, 72.588, *
2022-04-06 13:15:28, 47, 0.038, 91, 0.073, 739, 59.6, 3268, 2.634, 44, 0.035, 71.737, *
2022-04-06 13:15:33, 54, 0.044, 103, 0.083, 744, 60.0, 3278, 2.642, 49, 0.039, 75.991, *
2022-04-06 13:15:38, 60, 0.048, 110, 0.089, 743, 59.9, 3278, 2.642, 50, 0.040, 76.841, *
2022-04-06 13:15:43, 57, 0.046, 108, 0.087, 744, 60.0, 3220, 2.595, 51, 0.041, 77.692, *
2022-04-06 13:15:48, 53, 0.043, 117, 0.094, 747, 60.2, 3270, 2.635, 64, 0.052, 88.751, *
2022-04-06 13:15:53, 52, 0.042, 106, 0.085, 746, 60.1, 3217, 2.592, 54, 0.044, 80.244, *
2022-04-06 13:15:58, 56, 0.045, 111, 0.089, 747, 60.2, 3271, 2.636, 55, 0.044, 81.095, *
2022-04-06 13:16:03, 54, 0.044, 111, 0.089, 748, 60.3, 3274, 2.638, 57, 0.046, 82.796, *
2022-04-06 13:16:08, 59, 0.048, 112, 0.090, 750, 60.4, 3269, 2.634, 53, 0.043, 79.393, *
2022-04-06 13:16:13, 63, 0.051, 115, 0.093, 751, 60.5, 3271, 2.636, 52, 0.042, 78.543, *
2022-04-06 13:16:18, 57, 0.046, 110, 0.089, 751, 60.5, 3270, 2.635, 53, 0.043, 79.393, *
2022-04-06 13:16:23, 56, 0.045, 113, 0.091, 751, 60.5, 3269, 2.634, 57, 0.046, 82.796, *
2022-04-06 13:16:28, 61, 0.049, 114, 0.092, 751, 60.5, 3264, 2.630, 53, 0.043, 79.393, *
2022-04-06 13:16:33, 69, 0.056, 125, 0.101, 751, 60.5, 3262, 2.629, 56, 0.045, 81.946, *
2022-04-06 13:16:38, 63, 0.051, 109, 0.088, 747, 60.2, 3132, 2.524, 46, 0.037, 73.439, *
2022-04-06 13:16:43, 61, 0.049, 131, 0.106, 752, 60.6, 3265, 2.631, 70, 0.056, 93.855, *
2022-04-06 13:16:48, 55, 0.044, 132, 0.106, 752, 60.6, 3251, 2.620, 77, 0.062, 99.810
2022-04-06 13:16:53, 50, 0.040, 138, 0.111, 752, 60.6, 3258, 2.625, 88, 0.071, 109.168
2022-04-06 13:16:58, 55, 0.044, 142, 0.114, 753, 60.7, 3258, 2.625, 87, 0.070, 108.317
2022-04-06 13:17:03, 51, 0.041, 131, 0.106, 753, 60.7, 3260, 2.627, 80, 0.064, 102.362
2022-04-06 13:17:08, 55, 0.044, 137, 0.110, 754, 60.8, 3254, 2.622, 82, 0.066, 104.064
2022-04-06 13:17:13, 58, 0.047, 140, 0.113, 755, 60.8, 3262, 2.629, 82, 0.066, 104.064
2022-04-06 13:17:18, 46, 0.037, 129, 0.104, 755, 60.8, 3247, 2.617, 83, 0.067, 104.915
2022-04-06 13:17:23, 58, 0.047, 138, 0.111, 756, 60.9, 3250, 2.619, 80, 0.064, 102.362
2022-04-06 13:17:28, 56, 0.045, 138, 0.111, 757, 61.0, 3201, 2.580, 82, 0.066, 104.064
2022-04-06 13:17:33, 60, 0.048, 132, 0.106, 758, 61.1, 3254, 2.622, 72, 0.058, 95.557, *
2022-04-06 13:17:38, 61, 0.049, 134, 0.108, 759, 61.2, 3252, 2.621, 73, 0.059, 96.407, *
2022-04-06 13:17:43, 67, 0.054, 138, 0.111, 759, 61.2, 3249, 2.618, 71, 0.057, 94.706, *
2022-04-06 13:17:48, 76, 0.061, 152, 0.122, 759, 61.2, 3249, 2.618, 76, 0.061, 98.960
2022-04-06 13:17:53, 63, 0.051, 134, 0.108, 761, 61.3, 3177, 2.560, 71, 0.057, 94.706, *
2022-04-06 13:17:58, 63, 0.051, 135, 0.109, 760, 61.2, 3247, 2.617, 72, 0.058, 95.557, *
2022-04-06 13:18:03, 54, 0.044, 128, 0.103, 761, 61.3, 3240, 2.611, 74, 0.060, 97.258, *
2022-04-06 13:18:08, 47, 0.038, 132, 0.106, 760, 61.2, 3246, 2.616, 85, 0.068, 106.616
2022-04-06 13:18:13, 30, 0.024, 64, 0.052, 762, 61.4, 3242, 2.613, 34, 0.027, 63.230, *
2022-04-06 13:18:18, 39, 0.031, 77, 0.062, 762, 61.4, 3231, 2.604, 38, 0.031, 66.633, *
2022-04-06 13:18:23, 32, 0.026, 73, 0.059, 761, 61.3, 3242, 2.613, 41, 0.033, 69.185, *
2022-04-06 13:18:28, 30, 0.024, 70, 0.056, 764, 61.6, 3244, 2.614, 40, 0.032, 68.334, *
2022-04-06 13:18:33, 34, 0.027, 75, 0.060, 764, 61.6, 3228, 2.601, 41, 0.033, 69.185, *
2022-04-06 13:18:38, 30, 0.024, 72, 0.058, 765, 61.6, 3237, 2.609, 42, 0.034, 70.036, *
2022-04-06 13:18:43, 33, 0.027, 72, 0.058, 766, 61.7, 3231, 2.604, 39, 0.031, 67.484, *
2022-04-06 13:18:48, 37, 0.030, 75, 0.060, 766, 61.7, 3230, 2.603, 38, 0.031, 66.633, *
2022-04-06 13:18:53, 41, 0.033, 79, 0.064, 767, 61.8, 3237, 2.609, 38, 0.031, 66.633, *
2022-04-06 13:18:58, 39, 0.031, 87, 0.070, 766, 61.7, 3235, 2.607, 48, 0.039, 75.140, *
2022-04-06 13:19:03, 45, 0.036, 86, 0.069, 768, 61.9, 3226, 2.600, 41, 0.033, 69.185, *
2022-04-06 13:19:08, 41, 0.033, 79, 0.064, 767, 61.8, 3215, 2.591, 38, 0.031, 66.633, *
2022-04-06 13:19:13, 32, 0.026, 71, 0.057, 768, 61.9, 3224, 2.598, 39, 0.031, 67.484, *
2022-04-06 13:19:18, 31, 0.025, 72, 0.058, 768, 61.9, 3218, 2.593, 41, 0.033, 69.185, *
2022-04-06 13:19:23, 19, 0.015, 60, 0.048, 769, 62.0, 3220, 2.595, 41, 0.033, 69.185, *
2022-04-06 13:19:28, 13, 0.010, 56, 0.045, 768, 61.9, 3217, 2.592, 43, 0.035, 70.886, *
2022-04-06 13:19:33, 7, 0.006, 98, 0.079, 767, 61.8, 3098, 2.497, 91, 0.073, 111.720
2022-04-06 13:19:38, 44, 0.035, 92, 0.074, 772, 62.2, 3196, 2.576, 48, 0.039, 75.140, *
2022-04-06 13:19:43, 28, 0.023, 71, 0.057, 771, 62.1, 3216, 2.592, 43, 0.035, 70.886, *
2022-04-06 13:19:48, 14, 0.011, 62, 0.050, 771, 62.1, 3216, 2.592, 48, 0.039, 75.140, *
2022-04-06 13:19:53, 48, 0.039, 89, 0.072, 771, 62.1, 3215, 2.591, 41, 0.033, 69.185, *
2022-04-06 13:19:58, 64, 0.052, 108, 0.087, 770, 62.1, 3209, 2.586, 44, 0.035, 71.737, *
2022-04-06 13:20:03, 16, 0.013, 58, 0.047, 772, 62.2, 3215, 2.591, 42, 0.034, 70.036, *
2022-04-06 13:20:08, 16, 0.013, 57, 0.046, 771, 62.1, 3216, 2.592, 41, 0.033, 69.185, *
2022-04-06 13:20:13, 13, 0.010, 52, 0.042, 771, 62.1, 3211, 2.588, 39, 0.031, 67.484, *
2022-04-06 13:20:18, 9, 0.007, 52, 0.042, 773, 62.3, 3214, 2.590, 43, 0.035, 70.886, *
2022-04-06 13:20:23, 11, 0.009, 52, 0.042, 774, 62.4, 3213, 2.589, 41, 0.033, 69.185, *
2022-04-06 13:20:28, 46, 0.037, 93, 0.075, 772, 62.2, 3201, 2.580, 47, 0.038, 74.289, *
2022-04-06 13:20:33, 58, 0.047, 100, 0.081, 773, 62.3, 3203, 2.581, 42, 0.034, 70.036, *
2022-04-06 13:20:38, 58, 0.047, 99, 0.080, 774, 62.4, 3202, 2.580, 41, 0.033, 69.185, *
2022-04-06 13:20:43, 14, 0.011, 54, 0.044, 773, 62.3, 3203, 2.581, 40, 0.032, 68.334, *
2022-04-06 13:20:48, 15, 0.012, 56, 0.045, 774, 62.4, 3206, 2.584, 41, 0.033, 69.185, *
2022-04-06 13:20:53, 15, 0.012, 54, 0.044, 774, 62.4, 3208, 2.585, 39, 0.031, 67.484, *
2022-04-06 13:20:58, 10, 0.008, 42, 0.034, 772, 62.2, 3083, 2.484, 32, 0.026, 61.529, *
2022-04-06 13:21:03, 16, 0.013, 56, 0.045, 775, 62.5, 3195, 2.575, 40, 0.032, 68.334, *
2022-04-06 13:21:08, 65, 0.052, 108, 0.087, 775, 62.5, 3207, 2.584, 43, 0.035, 70.886, *
2022-04-06 13:21:13, 61, 0.049, 102, 0.082, 777, 62.6, 3200, 2.579, 41, 0.033, 69.185, *
2022-04-06 13:21:18, 61, 0.049, 100, 0.081, 778, 62.7, 3197, 2.576, 39, 0.031, 67.484, *
2022-04-06 13:21:23, 61, 0.049, 100, 0.081, 775, 62.5, 3199, 2.578, 39, 0.031, 67.484, *
2022-04-06 13:21:28, 64, 0.052, 105, 0.085, 777, 62.6, 3195, 2.575, 41, 0.033, 69.185, *
2022-04-06 13:21:33, 62, 0.050, 102, 0.082, 778, 62.7, 3196, 2.576, 40, 0.032, 68.334, *
2022-04-06 13:21:38, 63, 0.051, 102, 0.082, 778, 62.7, 3189, 2.570, 39, 0.031, 67.484, *
2022-04-06 13:21:43, 10, 0.008, 56, 0.045, 779, 62.8, 3197, 2.576, 46, 0.037, 73.439, *
2022-04-06 13:21:48, 16, 0.013, 60, 0.048, 779, 62.8, 3195, 2.575, 44, 0.035, 71.737, *
2022-04-06 13:21:53, 61, 0.049, 101, 0.081, 778, 62.7, 3194, 2.574, 40, 0.032, 68.334, *
2022-04-06 13:21:58, 56, 0.045, 89, 0.072, 775, 62.5, 3071, 2.475, 33, 0.027, 62.379, *
2022-04-06 13:22:03, 57, 0.046, 97, 0.078, 779, 62.8, 3203, 2.581, 40, 0.032, 68.334, *
2022-04-06 13:22:08, 18, 0.015, 56, 0.045, 781, 62.9, 3125, 2.518, 38, 0.031, 66.633, *
2022-04-06 13:22:13, 15, 0.012, 61, 0.049, 781, 62.9, 3193, 2.573, 46, 0.037, 73.439, *
2022-04-06 13:22:18, 57, 0.046, 96, 0.077, 781, 62.9, 3189, 2.570, 39, 0.031, 67.484, *
2022-04-06 13:22:23, 59, 0.048, 98, 0.079, 781, 62.9, 3190, 2.571, 39, 0.031, 67.484, *
2022-04-06 13:22:28, 61, 0.049, 93, 0.075, 776, 62.5, 3075, 2.478, 32, 0.026, 61.529, *
2022-04-06 13:22:33, 14, 0.011, 55, 0.044, 782, 63.0, 3185, 2.567, 41, 0.033, 69.185, *
2022-04-06 13:22:38, 15, 0.012, 54, 0.044, 782, 63.0, 3196, 2.576, 39, 0.031, 67.484, *
2022-04-06 13:22:43, 27, 0.022, 71, 0.057, 783, 63.1, 3190, 2.571, 44, 0.035, 71.737, *
2022-04-06 13:22:48, 61, 0.049, 99, 0.080, 783, 63.1, 3189, 2.570, 38, 0.031, 66.633, *
2022-04-06 13:22:53, 58, 0.047, 97, 0.078, 783, 63.1, 3187, 2.568, 39, 0.031, 67.484, *
2022-04-06 13:22:58, 54, 0.044, 97, 0.078, 783, 63.1, 3185, 2.567, 43, 0.035, 70.886, *
2022-04-06 13:23:03, 16, 0.013, 47, 0.038, 778, 62.7, 3069, 2.473, 31, 0.025, 60.678, *
2022-04-06 13:23:08, 40, 0.032, 82, 0.066, 783, 63.1, 3190, 2.571, 42, 0.034, 70.036, *
2022-04-06 13:23:13, 27, 0.022, 58, 0.047, 782, 63.0, 3187, 2.568, 31, 0.025, 60.678, *
2022-04-06 13:23:18, 16, 0.013, 56, 0.045, 784, 63.2, 3184, 2.566, 40, 0.032, 68.334, *
2022-04-06 13:23:23, 15, 0.012, 54, 0.044, 784, 63.2, 3179, 2.562, 39, 0.031, 67.484, *
2022-04-06 13:23:28, 14, 0.011, 53, 0.043, 784, 63.2, 3183, 2.565, 39, 0.031, 67.484, *
2022-04-06 13:23:33, 54, 0.044, 96, 0.077, 784, 63.2, 3192, 2.572, 42, 0.034, 70.036, *
2022-04-06 13:23:38, 65, 0.052, 103, 0.083, 783, 63.1, 3171, 2.555, 38, 0.031, 66.633, *
2022-04-06 13:23:43, 64, 0.052, 103, 0.083, 784, 63.2, 3181, 2.563, 39, 0.031, 67.484, *
2022-04-06 13:23:48, 64, 0.052, 102, 0.082, 782, 63.0, 3176, 2.559, 38, 0.031, 66.633, *
2022-04-06 13:23:53, 64, 0.052, 103, 0.083, 784, 63.2, 3178, 2.561, 39, 0.031, 67.484, *
2022-04-06 13:23:58, 64, 0.052, 102, 0.082, 785, 63.3, 3191, 2.572, 38, 0.031, 66.633, *
2022-04-06 13:24:03, 63, 0.051, 101, 0.081, 785, 63.3, 3178, 2.561, 38, 0.031, 66.633, *
2022-04-06 13:24:08, 64, 0.052, 101, 0.081, 783, 63.1, 3173, 2.557, 37, 0.030, 65.782, *
2022-04-06 13:24:13, 64, 0.052, 103, 0.083, 785, 63.3, 3182, 2.564, 39, 0.031, 67.484, *
2022-04-06 13:24:18, 64, 0.052, 101, 0.081, 785, 63.3, 3170, 2.555, 37, 0.030, 65.782, *
2022-04-06 13:24:23, 57, 0.046, 92, 0.074, 786, 63.3, 3167, 2.552, 35, 0.028, 64.081, *
2022-04-06 13:24:28, 57, 0.046, 93, 0.075, 786, 63.3, 3171, 2.555, 36, 0.029, 64.932, *
2022-04-06 13:24:33, 58, 0.047, 88, 0.071, 783, 63.1, 3063, 2.468, 30, 0.024, 59.827, *
2022-04-06 13:24:38, 61, 0.049, 92, 0.074, 789, 63.6, 3151, 2.539, 31, 0.025, 60.678, *
2022-04-06 13:24:43, 63, 0.051, 96, 0.077, 787, 63.4, 3178, 2.561, 33, 0.027, 62.379, *
2022-04-06 13:24:48, 63, 0.051, 96, 0.077, 787, 63.4, 3161, 2.547, 33, 0.027, 62.379, *
2022-04-06 13:24:53, 15, 0.012, 48, 0.039, 788, 63.5, 3171, 2.555, 33, 0.027, 62.379, *
2022-04-06 13:24:58, 18, 0.015, 48, 0.039, 789, 63.6, 3175, 2.559, 30, 0.024, 59.827, *
2022-04-06 13:25:03, 16, 0.013, 50, 0.040, 788, 63.5, 3177, 2.560, 34, 0.027, 63.230, *
2022-04-06 13:25:08, 14, 0.011, 50, 0.040, 791, 63.7, 3163, 2.549, 36, 0.029, 64.932, *
2022-04-06 13:25:13, 18, 0.015, 52, 0.042, 790, 63.7, 3168, 2.553, 34, 0.027, 63.230, *
2022-04-06 13:25:18, 20, 0.016, 59, 0.048, 790, 63.7, 3164, 2.550, 39, 0.031, 67.484, *
2022-04-06 13:25:23, 17, 0.014, 45, 0.036, 786, 63.3, 3058, 2.464, 28, 0.023, 58.126, *
2022-04-06 13:25:28, 17, 0.014, 53, 0.043, 790, 63.7, 3171, 2.555, 36, 0.029, 64.932, *
2022-04-06 13:25:33, 17, 0.014, 50, 0.040, 792, 63.8, 3177, 2.560, 33, 0.027, 62.379, *
2022-04-06 13:25:38, 59, 0.048, 93, 0.075, 792, 63.8, 3168, 2.553, 34, 0.027, 63.230, *
2022-04-06 13:25:43, 40, 0.032, 71, 0.057, 791, 63.7, 3165, 2.551, 31, 0.025, 60.678, *
2022-04-06 13:25:48, 37, 0.030, 68, 0.055, 789, 63.6, 3087, 2.488, 31, 0.025, 60.678, *
2022-04-06 13:25:53, 42, 0.034, 72, 0.058, 792, 63.8, 3170, 2.555, 30, 0.024, 59.827, *
2022-04-06 13:25:58, 29, 0.023, 61, 0.049, 792, 63.8, 3170, 2.555, 32, 0.026, 61.529, *
2022-04-06 13:26:03, 41, 0.033, 70, 0.056, 791, 63.7, 3158, 2.545, 29, 0.023, 58.977, *
2022-04-06 13:26:08, 45, 0.036, 71, 0.057, 792, 63.8, 3163, 2.549, 26, 0.021, 56.425, *
2022-04-06 13:26:13, 41, 0.033, 74, 0.060, 792, 63.8, 3159, 2.546, 33, 0.027, 62.379, *
2022-04-06 13:26:18, 48, 0.039, 79, 0.064, 792, 63.8, 3148, 2.537, 31, 0.025, 60.678, *
2022-04-06 13:26:23, 44, 0.035, 71, 0.057, 791, 63.7, 3144, 2.534, 27, 0.022, 57.275, *
2022-04-06 13:26:28, 43, 0.035, 73, 0.059, 797, 64.2, 3145, 2.534, 30, 0.024, 59.827, *
2022-04-06 13:26:33, 0, 0.000, 3, 0.002, 793, 63.9, 3178, 2.561, 3, 0.002, 36.858, *
2022-04-06 13:13:08, 559, 0.450, 587, 0.473, 739, 59.6, 3446, 2.777, 28, 0.023, 58.126, *
2022-04-06 13:13:13, 663, 0.534, 708, 0.571, 739, 59.6, 3479, 2.804, 45, 0.036, 72.588, *
2022-04-06 13:13:18, 789, 0.636, 820, 0.661, 738, 59.5, 3472, 2.798, 31, 0.025, 60.678, *
2022-04-06 13:13:23, 610, 0.492, 674, 0.543, 738, 59.5, 3594, 2.896, 64, 0.052, 88.751, *
2022-04-06 13:13:28, 781, 0.629, 802, 0.646, 738, 59.5, 3623, 2.920, 21, 0.017, 52.171, *
2022-04-06 13:13:33, 164, 0.132, 147, 0.118, 742, 59.8, 3625, 2.921, -17, -0.014, 19.844, *
2022-04-06 13:13:38, 1, 0.001, 0, 0.000, 742, 59.8, 3622, 2.919, -1, -0.001, 33.456, *
2022-04-06 13:13:43, 193, 0.156, 225, 0.181, 743, 59.9, 3555, 2.865, 32, 0.026, 61.529, *
2022-04-06 13:13:48, 143, 0.115, 189, 0.152, 742, 59.8, 3615, 2.913, 46, 0.037, 73.439, *
2022-04-06 13:13:53, 94, 0.076, 108, 0.087, 744, 60.0, 3614, 2.912, 14, 0.011, 46.216, *
2022-04-06 13:13:58, 0, 0.000, 184, 0.148, 746, 60.1, 3620, 2.917, 184, 0.148, 190.835
2022-04-06 13:14:03, 0, 0.000, 100, 0.081, 746, 60.1, 3621, 2.918, 100, 0.081, 119.376
2022-04-06 13:14:08, 0, 0.000, 106, 0.085, 744, 60.0, 3614, 2.912, 106, 0.085, 124.481
2022-04-06 13:14:13, 0, 0.000, 105, 0.085, 747, 60.2, 3557, 2.866, 105, 0.085, 123.630
2022-04-06 13:14:18, 0, 0.000, 137, 0.110, 746, 60.1, 3615, 2.913, 137, 0.110, 150.852
2022-04-06 13:14:23, 0, 0.000, 162, 0.131, 749, 60.4, 3614, 2.912, 162, 0.131, 172.120
2022-04-06 13:14:28, 0, 0.000, 137, 0.110, 748, 60.3, 3613, 2.912, 137, 0.110, 150.852
2022-04-06 13:14:33, 0, 0.000, 127, 0.102, 748, 60.3, 3611, 2.910, 127, 0.102, 142.345
2022-04-06 13:14:38, 0, 0.000, 117, 0.094, 749, 60.4, 3609, 2.908, 117, 0.094, 133.838
2022-04-06 13:14:43, 0, 0.000, 112, 0.090, 749, 60.4, 3606, 2.906, 112, 0.090, 129.585
2022-04-06 13:14:48, 0, 0.000, 104, 0.084, 751, 60.5, 3608, 2.908, 104, 0.084, 122.779
2022-04-06 13:14:53, 0, 0.000, 107, 0.086, 750, 60.4, 3603, 2.904, 107, 0.086, 125.331
2022-04-06 13:14:58, 0, 0.000, 159, 0.128, 751, 60.5, 3604, 2.904, 159, 0.128, 169.568
2022-04-06 13:15:03, 0, 0.000, 138, 0.111, 751, 60.5, 3544, 2.856, 138, 0.111, 151.703
2022-04-06 13:15:08, 0, 0.000, 113, 0.091, 751, 60.5, 3603, 2.904, 113, 0.091, 130.436
2022-04-06 13:15:13, 0, 0.000, 108, 0.087, 752, 60.6, 3604, 2.904, 108, 0.087, 126.182
2022-04-06 13:15:18, 0, 0.000, 101, 0.081, 752, 60.6, 3602, 2.903, 101, 0.081, 120.227
2022-04-06 13:15:23, 0, 0.000, 81, 0.065, 752, 60.6, 3600, 2.901, 81, 0.065, 103.213
2022-04-06 13:15:28, 0, 0.000, 117, 0.094, 753, 60.7, 3600, 2.901, 117, 0.094, 133.838
2022-04-06 13:15:33, 0, 0.000, 143, 0.115, 753, 60.7, 3599, 2.900, 143, 0.115, 155.957
2022-04-06 13:15:38, 0, 0.000, 123, 0.099, 753, 60.7, 3599, 2.900, 123, 0.099, 138.943
2022-04-06 13:15:43, 0, 0.000, 120, 0.097, 754, 60.8, 3599, 2.900, 120, 0.097, 136.390
2022-04-06 13:15:48, 0, 0.000, 117, 0.094, 755, 60.8, 3598, 2.899, 117, 0.094, 133.838
2022-04-06 13:15:53, 0, 0.000, 100, 0.081, 755, 60.8, 3599, 2.900, 100, 0.081, 119.376
2022-04-06 13:15:58, 0, 0.000, 98, 0.079, 755, 60.8, 3595, 2.897, 98, 0.079, 117.675
2022-04-06 13:16:03, 0, 0.000, 60, 0.048, 756, 60.9, 3595, 2.897, 60, 0.048, 85.348, *
2022-04-06 13:16:08, 0, 0.000, 52, 0.042, 758, 61.1, 3538, 2.851, 52, 0.042, 78.543, *
2022-04-06 13:16:13, 0, 0.000, 72, 0.058, 758, 61.1, 3591, 2.894, 72, 0.058, 95.557, *
2022-04-06 13:16:18, 0, 0.000, 112, 0.090, 757, 61.0, 3594, 2.896, 112, 0.090, 129.585
2022-04-06 13:16:23, 0, 0.000, 113, 0.091, 759, 61.2, 3587, 2.891, 113, 0.091, 130.436
2022-04-06 13:16:28, 0, 0.000, 114, 0.092, 760, 61.2, 3586, 2.890, 114, 0.092, 131.286
2022-04-06 13:16:33, 0, 0.000, 127, 0.102, 760, 61.2, 3584, 2.888, 127, 0.102, 142.345
2022-04-06 13:16:38, 0, 0.000, 115, 0.093, 760, 61.2, 3470, 2.796, 115, 0.093, 132.137
2022-04-06 13:16:43, 0, 0.000, 126, 0.102, 763, 61.5, 3585, 2.889, 126, 0.102, 141.495
2022-04-06 13:16:48, 0, 0.000, 130, 0.105, 762, 61.4, 3580, 2.885, 130, 0.105, 144.897
2022-04-06 13:16:53, 0, 0.000, 125, 0.101, 764, 61.6, 3583, 2.887, 125, 0.101, 140.644
2022-04-06 13:16:58, 0, 0.000, 129, 0.104, 762, 61.4, 3518, 2.835, 129, 0.104, 144.047
2022-04-06 13:17:03, 0, 0.000, 127, 0.102, 764, 61.6, 3576, 2.882, 127, 0.102, 142.345
2022-04-06 13:17:08, 0, 0.000, 120, 0.097, 766, 61.7, 3579, 2.884, 120, 0.097, 136.390
2022-04-06 13:17:13, 0, 0.000, 120, 0.097, 765, 61.6, 3574, 2.880, 120, 0.097, 136.390
2022-04-06 13:17:18, 0, 0.000, 123, 0.099, 766, 61.7, 3575, 2.881, 123, 0.099, 138.943
2022-04-06 13:17:23, 0, 0.000, 116, 0.093, 767, 61.8, 3578, 2.883, 116, 0.093, 132.988
2022-04-06 13:17:28, 0, 0.000, 119, 0.096, 767, 61.8, 3575, 2.881, 119, 0.096, 135.540
2022-04-06 13:17:33, 0, 0.000, 110, 0.089, 767, 61.8, 3574, 2.880, 110, 0.089, 127.883
2022-04-06 13:17:38, 0, 0.000, 81, 0.065, 768, 61.9, 3574, 2.880, 81, 0.065, 103.213
2022-04-06 13:17:43, 0, 0.000, 63, 0.051, 768, 61.9, 3571, 2.878, 63, 0.051, 87.900, *
2022-04-06 13:17:48, 0, 0.000, 64, 0.052, 768, 61.9, 3571, 2.878, 64, 0.052, 88.751, *
2022-04-06 13:17:53, 0, 0.000, 68, 0.055, 769, 62.0, 3570, 2.877, 68, 0.055, 92.154, *
2022-04-06 13:17:58, 0, 0.000, 73, 0.059, 769, 62.0, 3572, 2.879, 73, 0.059, 96.407, *
2022-04-06 13:18:03, 0, 0.000, 72, 0.058, 770, 62.1, 3569, 2.876, 72, 0.058, 95.557, *
2022-04-06 13:18:08, 0, 0.000, 78, 0.063, 770, 62.1, 3571, 2.878, 78, 0.063, 100.661
2022-04-06 13:18:13, 0, 0.000, 120, 0.097, 771, 62.1, 3570, 2.877, 120, 0.097, 136.390
2022-04-06 13:18:18, 0, 0.000, 131, 0.106, 771, 62.1, 3569, 2.876, 131, 0.106, 145.748
2022-04-06 13:18:23, 0, 0.000, 156, 0.126, 774, 62.4, 3569, 2.876, 156, 0.126, 167.016
2022-04-06 13:18:28, 0, 0.000, 156, 0.126, 774, 62.4, 3568, 2.875, 156, 0.126, 167.016
2022-04-06 13:18:33, 0, 0.000, 96, 0.077, 774, 62.4, 3566, 2.874, 96, 0.077, 115.974
2022-04-06 13:18:38, 0, 0.000, 129, 0.104, 774, 62.4, 3568, 2.875, 129, 0.104, 144.047
2022-04-06 13:18:43, 0, 0.000, 144, 0.116, 776, 62.5, 3566, 2.874, 144, 0.116, 156.807
2022-04-06 13:18:48, 0, 0.000, 136, 0.110, 776, 62.5, 3566, 2.874, 136, 0.110, 150.002
2022-04-06 13:18:53, 0, 0.000, 105, 0.085, 777, 62.6, 3567, 2.875, 105, 0.085, 123.630
2022-04-06 13:18:58, 0, 0.000, 85, 0.068, 779, 62.8, 3565, 2.873, 85, 0.068, 106.616
2022-04-06 13:19:03, 0, 0.000, 81, 0.065, 778, 62.7, 3507, 2.826, 81, 0.065, 103.213
2022-04-06 13:19:08, 0, 0.000, 98, 0.079, 779, 62.8, 3564, 2.872, 98, 0.079, 117.675
2022-04-06 13:19:13, 0, 0.000, 111, 0.089, 780, 62.9, 3565, 2.873, 111, 0.089, 128.734
2022-04-06 13:19:18, 0, 0.000, 156, 0.126, 780, 62.9, 3562, 2.870, 156, 0.126, 167.016
2022-04-06 13:19:23, 0, 0.000, 131, 0.106, 781, 62.9, 3564, 2.872, 131, 0.106, 145.748
2022-04-06 13:19:28, 0, 0.000, 79, 0.064, 782, 63.0, 3546, 2.858, 79, 0.064, 101.512
2022-04-06 13:19:33, 0, 0.000, 78, 0.063, 781, 62.9, 3471, 2.797, 78, 0.063, 100.661
2022-04-06 13:19:38, 0, 0.000, 94, 0.076, 783, 63.1, 3545, 2.857, 94, 0.076, 114.272
2022-04-06 13:19:43, 0, 0.000, 104, 0.084, 783, 63.1, 3538, 2.851, 104, 0.084, 122.779
2022-04-06 13:19:48, 0, 0.000, 106, 0.085, 784, 63.2, 3546, 2.858, 106, 0.085, 124.481
2022-04-06 13:19:53, 0, 0.000, 532, 0.429, 783, 63.1, 3548, 2.859, 532, 0.429, 486.880
2022-04-06 13:19:58, 0, 0.000, 57, 0.046, 784, 63.2, 3541, 2.854, 57, 0.046, 82.796, *
2022-04-06 13:20:03, 0, 0.000, 67, 0.054, 783, 63.1, 3539, 2.852, 67, 0.054, 91.303, *
2022-04-06 13:20:08, 0, 0.000, 65, 0.052, 784, 63.2, 3541, 2.854, 65, 0.052, 89.602, *
2022-04-06 13:20:13, 0, 0.000, 92, 0.074, 784, 63.2, 3541, 2.854, 92, 0.074, 112.571
2022-04-06 13:20:18, 0, 0.000, 67, 0.054, 784, 63.2, 3539, 2.852, 67, 0.054, 91.303, *
2022-04-06 13:20:23, 0, 0.000, 89, 0.072, 784, 63.2, 3522, 2.838, 89, 0.072, 110.019
2022-04-06 13:20:28, 0, 0.000, 124, 0.100, 785, 63.3, 3512, 2.830, 124, 0.100, 139.793
2022-04-06 13:20:33, 0, 0.000, 89, 0.072, 785, 63.3, 3538, 2.851, 89, 0.072, 110.019
2022-04-06 13:20:38, 0, 0.000, 89, 0.072, 786, 63.3, 3537, 2.850, 89, 0.072, 110.019
2022-04-06 13:20:44, 0, 0.000, 112, 0.090, 784, 63.2, 3502, 2.822, 112, 0.090, 129.585
2022-04-06 13:20:48, 0, 0.000, 93, 0.075, 784, 63.2, 3474, 2.800, 93, 0.075, 113.422
2022-04-06 13:20:53, 90, 0.073, 859, 0.692, 786, 63.3, 3488, 2.811, 769, 0.620, 688.496
2022-04-06 13:20:58, 143, 0.115, 2164, 1.744, 786, 63.3, 3531, 2.845, 2021, 1.629, 1753.575
2022-04-06 13:21:03, 0, 0.000, 932, 0.751, 785, 63.3, 3536, 2.850, 932, 0.751, 827.160
2022-04-06 13:21:08, 0, 0.000, 3953, 3.186, 785, 63.3, 3535, 2.849, 3953, 3.186, 3397.131
2022-04-06 13:21:13, 0, 0.000, 819, 0.660, 786, 63.3, 3537, 2.850, 819, 0.660, 731.031
2022-04-06 13:21:18, 0, 0.000, 0, 0.000, 791, 63.7, 3528, 2.843, 0, 0.000, 34.306, *
2022-04-06 13:21:23, 0, 0.000, 0, 0.000, 790, 63.7, 3530, 2.845, 0, 0.000, 34.306, *
2022-04-06 13:21:28, 0, 0.000, 0, 0.000, 789, 63.6, 3394, 2.735, 0, 0.000, 34.306, *
2022-04-06 13:21:33, 0, 0.000, 0, 0.000, 794, 64.0, 3537, 2.850, 0, 0.000, 34.306, *
2022-04-06 13:21:38, 0, 0.000, 0, 0.000, 794, 64.0, 3532, 2.846, 0, 0.000, 34.306, *
2022-04-06 13:21:43, 0, 0.000, 0, 0.000, 795, 64.1, 3526, 2.841, 0, 0.000, 34.306, *
2022-04-06 13:21:48, 0, 0.000, 0, 0.000, 795, 64.1, 3532, 2.846, 0, 0.000, 34.306, *
2022-04-06 13:21:53, 0, 0.000, 0, 0.000, 797, 64.2, 3533, 2.847, 0, 0.000, 34.306, *
2022-04-06 13:21:58, 0, 0.000, 0, 0.000, 797, 64.2, 3469, 2.796, 0, 0.000, 34.306, *
2022-04-06 13:22:03, 0, 0.000, 0, 0.000, 800, 64.5, 3529, 2.844, 0, 0.000, 34.306, *
2022-04-06 13:22:08, 0, 0.000, 0, 0.000, 802, 64.6, 3530, 2.845, 0, 0.000, 34.306, *
2022-04-06 13:22:13, 0, 0.000, 0, 0.000, 801, 64.5, 3529, 2.844, 0, 0.000, 34.306, *
2022-04-06 13:22:18, 0, 0.000, 0, 0.000, 802, 64.6, 3527, 2.842, 0, 0.000, 34.306, *
2022-04-06 13:22:23, 0, 0.000, 0, 0.000, 804, 64.8, 3526, 2.841, 0, 0.000, 34.306, *
2022-04-06 13:22:28, 0, 0.000, 0, 0.000, 804, 64.8, 3527, 2.842, 0, 0.000, 34.306, *
2022-04-06 13:22:33, 0, 0.000, 0, 0.000, 806, 65.0, 3516, 2.833, 0, 0.000, 34.306, *
2022-04-06 13:22:38, 0, 0.000, 0, 0.000, 808, 65.1, 3525, 2.841, 0, 0.000, 34.306, *
2022-04-06 13:22:43, 0, 0.000, 0, 0.000, 807, 65.0, 3517, 2.834, 0, 0.000, 34.306, *
2022-04-06 13:22:48, 0, 0.000, 0, 0.000, 809, 65.2, 3516, 2.833, 0, 0.000, 34.306, *
2022-04-06 13:22:53, 0, 0.000, 0, 0.000, 809, 65.2, 3462, 2.790, 0, 0.000, 34.306, *
2022-04-06 13:22:58, 0, 0.000, 0, 0.000, 810, 65.3, 3522, 2.838, 0, 0.000, 34.306, *
2022-04-06 13:23:03, 0, 0.000, 0, 0.000, 813, 65.5, 3521, 2.837, 0, 0.000, 34.306, *
2022-04-06 13:23:08, 0, 0.000, 0, 0.000, 811, 65.4, 3512, 2.830, 0, 0.000, 34.306, *
2022-04-06 13:23:13, 0, 0.000, 0, 0.000, 814, 65.6, 3520, 2.837, 0, 0.000, 34.306, *
2022-04-06 13:23:18, 0, 0.000, 0, 0.000, 816, 65.8, 3488, 2.811, 0, 0.000, 34.306, *
2022-04-06 13:23:23, 0, 0.000, 0, 0.000, 815, 65.7, 3517, 2.834, 0, 0.000, 34.306, *
2022-04-06 13:23:28, 0, 0.000, 0, 0.000, 816, 65.8, 3522, 2.838, 0, 0.000, 34.306, *
2022-04-06 13:23:33, 0, 0.000, 0, 0.000, 816, 65.8, 3521, 2.837, 0, 0.000, 34.306, *
2022-04-06 13:23:38, 0, 0.000, 0, 0.000, 817, 65.8, 3465, 2.792, 0, 0.000, 34.306, *
2022-04-06 13:23:43, 0, 0.000, 0, 0.000, 819, 66.0, 3520, 2.837, 0, 0.000, 34.306, *
2022-04-06 13:23:48, 0, 0.000, 0, 0.000, 820, 66.1, 3521, 2.837, 0, 0.000, 34.306, *
2022-04-06 13:23:53, 0, 0.000, 0, 0.000, 822, 66.2, 3513, 2.831, 0, 0.000, 34.306, *
2022-04-06 13:23:58, 0, 0.000, 0, 0.000, 823, 66.3, 3516, 2.833, 0, 0.000, 34.306, *
2022-04-06 13:24:03, 0, 0.000, 0, 0.000, 823, 66.3, 3515, 2.833, 0, 0.000, 34.306, *
2022-04-06 13:24:08, 0, 0.000, 0, 0.000, 825, 66.5, 3514, 2.832, 0, 0.000, 34.306, *
2022-04-06 13:24:13, 0, 0.000, 0, 0.000, 826, 66.6, 3517, 2.834, 0, 0.000, 34.306, *
2022-04-06 13:24:18, 0, 0.000, 0, 0.000, 828, 66.7, 3515, 2.833, 0, 0.000, 34.306, *
2022-04-06 13:24:23, 0, 0.000, 2, 0.002, 828, 66.7, 3455, 2.784, 2, 0.002, 36.008, *
2022-04-06 13:24:28, 0, 0.000, 0, 0.000, 830, 66.9, 3516, 2.833, 0, 0.000, 34.306, *
2022-04-06 13:24:33, 0, 0.000, 0, 0.000, 830, 66.9, 3514, 2.832, 0, 0.000, 34.306, *
2022-04-06 13:24:38, 0, 0.000, 0, 0.000, 832, 67.0, 3511, 2.829, 0, 0.000, 34.306, *
2022-04-06 13:24:43, 0, 0.000, 0, 0.000, 832, 67.0, 3516, 2.833, 0, 0.000, 34.306, *
2022-04-06 13:24:48, 0, 0.000, 0, 0.000, 835, 67.3, 3512, 2.830, 0, 0.000, 34.306, *
2022-04-06 13:24:53, 0, 0.000, 0, 0.000, 834, 67.2, 3457, 2.786, 0, 0.000, 34.306, *
2022-04-06 13:24:58, 0, 0.000, 0, 0.000, 836, 67.4, 3511, 2.829, 0, 0.000, 34.306, *
2022-04-06 13:25:03, 0, 0.000, 0, 0.000, 838, 67.5, 3513, 2.831, 0, 0.000, 34.306, *
2022-04-06 13:25:08, 0, 0.000, 0, 0.000, 837, 67.5, 3508, 2.827, 0, 0.000, 34.306, *
2022-04-06 13:25:13, 0, 0.000, 0, 0.000, 840, 67.7, 3509, 2.828, 0, 0.000, 34.306, *
2022-04-06 13:25:18, 0, 0.000, 0, 0.000, 840, 67.7, 3512, 2.830, 0, 0.000, 34.306, *
2022-04-06 13:25:23, 5, 0.004, 11, 0.009, 843, 67.9, 3508, 2.827, 6, 0.005, 39.410, *
2022-04-06 13:25:28, 0, 0.000, 0, 0.000, 841, 67.8, 3512, 2.830, 0, 0.000, 34.306, *
2022-04-06 13:25:33, 0, 0.000, 0, 0.000, 844, 68.0, 3507, 2.826, 0, 0.000, 34.306, *
2022-04-06 13:25:38, 0, 0.000, 0, 0.000, 844, 68.0, 3508, 2.827, 0, 0.000, 34.306, *
2022-04-06 13:25:43, 0, 0.000, 0, 0.000, 844, 68.0, 3506, 2.825, 0, 0.000, 34.306, *
2022-04-06 13:25:48, 0, 0.000, 0, 0.000, 845, 68.1, 3507, 2.826, 0, 0.000, 34.306, *
2022-04-06 13:25:53, 0, 0.000, 0, 0.000, 846, 68.2, 3517, 2.834, 0, 0.000, 34.306, *
2022-04-06 13:25:58, 0, 0.000, 0, 0.000, 847, 68.3, 3515, 2.833, 0, 0.000, 34.306, *
2022-04-06 13:26:03, 0, 0.000, 0, 0.000, 847, 68.3, 3516, 2.833, 0, 0.000, 34.306, *
2022-04-06 13:26:08, 0, 0.000, 0, 0.000, 848, 68.3, 3516, 2.833, 0, 0.000, 34.306, *
2022-04-06 13:26:13, 0, 0.000, 0, 0.000, 848, 68.3, 3516, 2.833, 0, 0.000, 34.306, *
2022-04-06 13:26:18, 0, 0.000, 0, 0.000, 848, 68.3, 3513, 2.831, 0, 0.000, 34.306, *
2022-04-06 13:26:23, 0, 0.000, 0, 0.000, 849, 68.4, 3514, 2.832, 0, 0.000, 34.306, *
2022-04-06 13:26:28, 0, 0.000, 0, 0.000, 850, 68.5, 3515, 2.833, 0, 0.000, 34.306, *
2022-04-06 13:26:33, 0, 0.000, 0, 0.000, 851, 68.6, 3514, 2.832, 0, 0.000, 34.306, *
2022-04-06 13:26:38, 0, 0.000, 0, 0.000, 851, 68.6, 3514, 2.832, 0, 0.000, 34.306, *
2022-04-06 13:26:43, 0, 0.000, 0, 0.000, 853, 68.7, 3514, 2.832, 0, 0.000, 34.306, *
2022-04-06 13:26:48, 0, 0.000, 0, 0.000, 853, 68.7, 3456, 2.785, 0, 0.000, 34.306, *
2022-04-06 13:26:53, 0, 0.000, 0, 0.000, 854, 68.8, 3510, 2.829, 0, 0.000, 34.306, *
2022-04-06 13:26:58, 0, 0.000, 0, 0.000, 855, 68.9, 3510, 2.829, 0, 0.000, 34.306, *
2022-04-06 13:27:03, 0, 0.000, 0, 0.000, 857, 69.1, 3510, 2.829, 0, 0.000, 34.306, *
2022-04-06 13:27:08, 0, 0.000, 0, 0.000, 855, 68.9, 3511, 2.829, 0, 0.000, 34.306, *
2022-04-06 13:27:13, 0, 0.000, 0, 0.000, 858, 69.1, 3509, 2.828, 0, 0.000, 34.306, *
2022-04-06 13:27:18, 0, 0.000, 0, 0.000, 857, 69.1, 3399, 2.739, 0, 0.000, 34.306, *
2022-04-06 13:27:23, 0, 0.000, 0, 0.000, 859, 69.2, 3511, 2.829, 0, 0.000, 34.306, *
2022-04-06 13:27:28, 0, 0.000, 0, 0.000, 860, 69.3, 3511, 2.829, 0, 0.000, 34.306, *
2022-04-06 13:27:33, 0, 0.000, 0, 0.000, 860, 69.3, 3507, 2.826, 0, 0.000, 34.306, *
2022-04-06 13:27:38, 0, 0.000, 0, 0.000, 861, 69.4, 3491, 2.813, 0, 0.000, 34.306, *
2022-04-06 13:27:43, 0, 0.000, 0, 0.000, 863, 69.5, 3487, 2.810, 0, 0.000, 34.306, *
2022-04-06 13:27:48, 0, 0.000, 0, 0.000, 862, 69.5, 3385, 2.728, 0, 0.000, 34.306, *
2022-04-06 13:27:53, 0, 0.000, 0, 0.000, 863, 69.5, 3464, 2.792, 0, 0.000, 34.306, *
2022-04-06 13:27:58, 0, 0.000, 0, 0.000, 863, 69.5, 3496, 2.817, 0, 0.000, 34.306, *
2022-04-06 13:28:03, 0, 0.000, 0, 0.000, 863, 69.5, 3444, 2.775, 0, 0.000, 34.306, *
2022-04-06 13:28:08, 0, 0.000, 0, 0.000, 865, 69.7, 3500, 2.821, 0, 0.000, 34.306, *
2022-04-06 13:28:13, 0, 0.000, 0, 0.000, 865, 69.7, 3498, 2.819, 0, 0.000, 34.306, *
2022-04-06 13:28:18, 0, 0.000, 0, 0.000, 865, 69.7, 3496, 2.817, 0, 0.000, 34.306, *
2022-04-06 13:28:23, 0, 0.000, 0, 0.000, 865, 69.7, 3497, 2.818, 0, 0.000, 34.306, *
2022-04-06 13:28:28, 0, 0.000, 0, 0.000, 866, 69.8, 3496, 2.817, 0, 0.000, 34.306, *
2022-04-06 13:28:33, 0, 0.000, 0, 0.000, 867, 69.9, 3497, 2.818, 0, 0.000, 34.306, *
2022-04-06 13:28:38, 0, 0.000, 0, 0.000, 867, 69.9, 3494, 2.816, 0, 0.000, 34.306, *
2022-04-06 13:28:43, 0, 0.000, 0, 0.000, 869, 70.0, 3492, 2.814, 0, 0.000, 34.306, *
2022-04-06 13:28:48, 0, 0.000, 0, 0.000, 869, 70.0, 3497, 2.818, 0, 0.000, 34.306, *
2022-04-06 13:28:53, 0, 0.000, 0, 0.000, 867, 69.9, 3492, 2.814, 0, 0.000, 34.306, *
2022-04-06 13:28:58, 0, 0.000, 0, 0.000, 870, 70.1, 3497, 2.818, 0, 0.000, 34.306, *
2022-04-06 13:29:03, 0, 0.000, 0, 0.000, 869, 70.0, 3493, 2.815, 0, 0.000, 34.306, *
2022-04-06 13:29:08, 0, 0.000, 0, 0.000, 874, 70.4, 3486, 2.809, 0, 0.000, 34.306, *
2022-04-06 13:29:13, 0, 0.000, 0, 0.000, 873, 70.4, 3490, 2.812, 0, 0.000, 34.306, *
2022-04-06 13:29:18, 0, 0.000, 0, 0.000, 871, 70.2, 3496, 2.817, 0, 0.000, 34.306, *
2022-04-06 13:29:23, 0, 0.000, 0, 0.000, 873, 70.4, 3495, 2.816, 0, 0.000, 34.306, *
2022-04-06 13:29:28, 0, 0.000, 0, 0.000, 872, 70.3, 3492, 2.814, 0, 0.000, 34.306, *
2022-04-06 13:29:33, 0, 0.000, 0, 0.000, 872, 70.3, 3492, 2.814, 0, 0.000, 34.306, *
2022-04-06 13:29:38, 0, 0.000, 7, 0.006, 873, 70.4, 3491, 2.813, 7, 0.006, 40.261, *
2022-04-06 13:29:43, 0, 0.000, 19, 0.015, 873, 70.4, 3383, 2.726, 19, 0.015, 50.470, *
2022-04-06 13:29:48, 0, 0.000, 18, 0.015, 874, 70.4, 3491, 2.813, 18, 0.015, 49.619, *
2022-04-06 13:29:53, 0, 0.000, 1914, 1.542, 873, 70.4, 3485, 2.808, 1914, 1.542, 1662.550
2022-04-06 13:29:58, 0, 0.000, 0, 0.000, 875, 70.5, 3489, 2.812, 0, 0.000, 34.306, *
2022-04-06 13:30:03, 0, 0.000, 0, 0.000, 873, 70.4, 3486, 2.809, 0, 0.000, 34.306, *
2022-04-06 13:30:08, 0, 0.000, 0, 0.000, 875, 70.5, 3489, 2.812, 0, 0.000, 34.306, *
2022-04-06 13:30:13, 0, 0.000, 0, 0.000, 871, 70.2, 3372, 2.717, 0, 0.000, 34.306, *
2022-04-06 13:30:18, 0, 0.000, 0, 0.000, 876, 70.6, 3484, 2.808, 0, 0.000, 34.306, *
2022-04-06 13:30:23, 0, 0.000, 0, 0.000, 876, 70.6, 3484, 2.808, 0, 0.000, 34.306, *
2022-04-06 13:30:28, 0, 0.000, 0, 0.000, 876, 70.6, 3483, 2.807, 0, 0.000, 34.306, *
2022-04-06 13:30:33, 0, 0.000, 0, 0.000, 877, 70.7, 3473, 2.799, 0, 0.000, 34.306, *
2022-04-06 13:30:38, 0, 0.000, 0, 0.000, 879, 70.8, 3488, 2.811, 0, 0.000, 34.306, *
2022-04-06 13:30:43, 0, 0.000, 0, 0.000, 878, 70.8, 3484, 2.808, 0, 0.000, 34.306, *
2022-04-06 13:30:48, 0, 0.000, 0, 0.000, 879, 70.8, 3484, 2.808, 0, 0.000, 34.306, *
2022-04-06 13:30:53, 0, 0.000, 0, 0.000, 879, 70.8, 3486, 2.809, 0, 0.000, 34.306, *
2022-04-06 13:30:58, 0, 0.000, 0, 0.000, 879, 70.8, 3481, 2.805, 0, 0.000, 34.306, *
2022-04-06 13:31:03, 0, 0.000, 0, 0.000, 879, 70.8, 3484, 2.808, 0, 0.000, 34.306, *
2022-04-06 13:31:08, 0, 0.000, 0, 0.000, 880, 70.9, 3484, 2.808, 0, 0.000, 34.306, *
2022-04-06 13:31:13, 0, 0.000, 0, 0.000, 880, 70.9, 3484, 2.808, 0, 0.000, 34.306, *
2022-04-06 13:31:18, 0, 0.000, 0, 0.000, 880, 70.9, 3485, 2.808, 0, 0.000, 34.306, *
2022-04-06 13:31:23, 0, 0.000, 0, 0.000, 881, 71.0, 3484, 2.808, 0, 0.000, 34.306, *
2022-04-06 13:31:28, 0, 0.000, 0, 0.000, 881, 71.0, 3483, 2.807, 0, 0.000, 34.306, *
2022-04-06 13:31:33, 0, 0.000, 0, 0.000, 882, 71.1, 3483, 2.807, 0, 0.000, 34.306, *
2022-04-06 13:31:38, 0, 0.000, 0, 0.000, 882, 71.1, 3480, 2.804, 0, 0.000, 34.306, *
2022-04-06 13:31:43, 0, 0.000, 0, 0.000, 882, 71.1, 3481, 2.805, 0, 0.000, 34.306, *
2022-04-06 13:31:48, 0, 0.000, 0, 0.000, 884, 71.2, 3480, 2.804, 0, 0.000, 34.306, *
2022-04-06 13:31:53, 0, 0.000, 0, 0.000, 884, 71.2, 3482, 2.806, 0, 0.000, 34.306, *
2022-04-06 13:31:58, 0, 0.000, 0, 0.000, 883, 71.2, 3473, 2.799, 0, 0.000, 34.306, *
2022-04-06 13:32:03, 0, 0.000, 0, 0.000, 886, 71.4, 3477, 2.802, 0, 0.000, 34.306, *
2022-04-06 13:32:08, 0, 0.000, 0, 0.000, 885, 71.3, 3418, 2.754, 0, 0.000, 34.306, *
2022-04-06 13:32:13, 0, 0.000, 0, 0.000, 886, 71.4, 3479, 2.804, 0, 0.000, 34.306, *
2022-04-06 13:32:18, 0, 0.000, 0, 0.000, 886, 71.4, 3477, 2.802, 0, 0.000, 34.306, *
2022-04-06 13:32:23, 0, 0.000, 0, 0.000, 887, 71.5, 3478, 2.803, 0, 0.000, 34.306, *
2022-04-06 13:32:28, 0, 0.000, 0, 0.000, 887, 71.5, 3475, 2.800, 0, 0.000, 34.306, *
2022-04-06 13:32:33, 0, 0.000, 0, 0.000, 888, 71.6, 3477, 2.802, 0, 0.000, 34.306, *
2022-04-06 13:32:38, 0, 0.000, 0, 0.000, 888, 71.6, 3473, 2.799, 0, 0.000, 34.306, *
2022-04-06 13:32:43, 0, 0.000, 0, 0.000, 892, 71.9, 3470, 2.796, 0, 0.000, 34.306, *
2022-04-06 13:32:48, 0, 0.000, 0, 0.000, 889, 71.6, 3469, 2.796, 0, 0.000, 34.306, *
2022-04-06 13:32:53, 0, 0.000, 0, 0.000, 890, 71.7, 3473, 2.799, 0, 0.000, 34.306, *
2022-04-06 13:32:58, 0, 0.000, 0, 0.000, 890, 71.7, 3472, 2.798, 0, 0.000, 34.306, *
2022-04-06 13:33:03, 0, 0.000, 0, 0.000, 891, 71.8, 3475, 2.800, 0, 0.000, 34.306, *
2022-04-06 13:33:08, 0, 0.000, 0, 0.000, 889, 71.6, 3421, 2.757, 0, 0.000, 34.306, *
2022-04-06 13:33:13, 0, 0.000, 0, 0.000, 891, 71.8, 3474, 2.800, 0, 0.000, 34.306, *
2022-04-06 13:33:18, 0, 0.000, 144, 0.116, 893, 72.0, 3474, 2.800, 144, 0.116, 156.807
2022-04-06 13:33:23, 0, 0.000, 557, 0.449, 891, 71.8, 3474, 2.800, 557, 0.449, 508.147
2022-04-06 13:33:28, 0, 0.000, 50, 0.040, 893, 72.0, 3474, 2.800, 50, 0.040, 76.841, *
2022-04-06 13:33:33, 0, 0.000, 5, 0.004, 894, 72.0, 3473, 2.799, 5, 0.004, 38.560, *
2022-04-06 13:33:38, 0, 0.000, 1724, 1.389, 893, 72.0, 3468, 2.795, 1724, 1.389, 1500.916
2022-04-06 13:33:43, 0, 0.000, 0, 0.000, 892, 71.9, 3472, 2.798, 0, 0.000, 34.306, *
2022-04-06 13:33:48, 0, 0.000, 0, 0.000, 894, 72.0, 3473, 2.799, 0, 0.000, 34.306, *
2022-04-06 13:33:53, 0, 0.000, 0, 0.000, 895, 72.1, 3472, 2.798, 0, 0.000, 34.306, *
2022-04-06 13:33:58, 0, 0.000, 23, 0.019, 895, 72.1, 3467, 2.794, 23, 0.019, 53.872, *
2022-04-06 13:34:03, 0, 0.000, 27, 0.022, 896, 72.2, 3465, 2.792, 27, 0.022, 57.275, *
2022-04-06 13:34:08, 0, 0.000, 815, 0.657, 892, 71.9, 3412, 2.750, 815, 0.657, 727.628
2022-04-06 13:34:13, 0, 0.000, 0, 0.000, 896, 72.2, 3472, 2.798, 0, 0.000, 34.306, *
2022-04-06 13:34:18, 0, 0.000, 93, 0.075, 896, 72.2, 3472, 2.798, 93, 0.075, 113.422
2022-04-06 13:34:23, 0, 0.000, 1696, 1.367, 895, 72.1, 3470, 2.796, 1696, 1.367, 1477.097
2022-04-06 13:34:28, 0, 0.000, 1167, 0.940, 895, 72.1, 3469, 2.796, 1167, 0.940, 1027.075
2022-04-06 13:34:33, 0, 0.000, 0, 0.000, 897, 72.3, 3470, 2.796, 0, 0.000, 34.306, *
2022-04-06 13:34:38, 0, 0.000, 0, 0.000, 896, 72.2, 3467, 2.794, 0, 0.000, 34.306, *
2022-04-06 13:34:43, 0, 0.000, 0, 0.000, 895, 72.1, 3466, 2.793, 0, 0.000, 34.306, *
2022-04-06 13:34:48, 0, 0.000, 0, 0.000, 897, 72.3, 3470, 2.796, 0, 0.000, 34.306, *
2022-04-06 16:19:24, 0, 0.000, 0, 0.000, 904, 72.8, 3599, 2.900, 0, 0.000, 34.306, *
2022-04-06 16:19:39, 0, 0.000, 0, 0.000, 903, 72.8, 3607, 2.907, 0, 0.000, 34.306, *
2022-04-06 16:19:54, 0, 0.000, 0, 0.000, 903, 72.8, 3615, 2.913, 0, 0.000, 34.306, *
2022-04-06 16:20:09, 0, 0.000, 0, 0.000, 905, 72.9, 3618, 2.916, 0, 0.000, 34.306, *
2022-04-06 16:20:24, 0, 0.000, 0, 0.000, 902, 72.7, 3623, 2.920, 0, 0.000, 34.306, *
2022-04-06 16:20:39, 0, 0.000, 0, 0.000, 903, 72.8, 3626, 2.922, 0, 0.000, 34.306, *
2022-04-06 16:20:54, 0, 0.000, 0, 0.000, 900, 72.5, 3628, 2.924, 0, 0.000, 34.306, *
2022-04-06 16:21:09, 0, 0.000, 0, 0.000, 900, 72.5, 3630, 2.925, 0, 0.000, 34.306, *
2022-04-06 16:21:24, 0, 0.000, 0, 0.000, 899, 72.4, 3632, 2.927, 0, 0.000, 34.306, *
2022-04-06 16:19:24, 0, 0.000, 0, 0.000, 752, 60.6, 4095, 3.300, 0, 0.000, 34.306, *
2022-04-06 16:19:39, 0, 0.000, 1880, 1.515, 755, 60.8, 4095, 3.300, 1880, 1.515, 1633.626
2022-04-06 16:19:54, 0, 0.000, 0, 0.000, 756, 60.9, 4095, 3.300, 0, 0.000, 34.306, *
2022-04-06 16:20:09, 0, 0.000, 0, 0.000, 757, 61.0, 4095, 3.300, 0, 0.000, 34.306, *
2022-04-06 16:20:24, 0, 0.000, 0, 0.000, 757, 61.0, 4095, 3.300, 0, 0.000, 34.306, *
2022-04-06 16:20:39, 0, 0.000, 0, 0.000, 757, 61.0, 4095, 3.300, 0, 0.000, 34.306, *
2022-04-06 16:20:52, 0, 0.000, 0, 0.000, 758, 61.1, 4095, 3.300, 0, 0.000, 34.306, *
2022-04-06 16:21:09, 0, 0.000, 0, 0.000, 759, 61.2, 4095, 3.300, 0, 0.000, 34.306, *
2022-04-06 16:21:24, 0, 0.000, 0, 0.000, 757, 61.0, 4095, 3.300, 0, 0.000, 34.306, *
2022-04-06 16:21:37, 0, 0.000, 0, 0.000, 752, 60.6, 4095, 3.300, 0, 0.000, 34.306, *
2022-04-06 16:21:52, 0, 0.000, 0, 0.000, 754, 60.8, 4095, 3.300, 0, 0.000, 34.306, *
2022-04-06 16:22:07, 0, 0.000, 0, 0.000, 752, 60.6, 4095, 3.300, 0, 0.000, 34.306, *
2022-04-06 16:22:22, 0, 0.000, 0, 0.000, 753, 60.7, 4095, 3.300, 0, 0.000, 34.306, *
2022-04-06 16:22:37, 0, 0.000, 0, 0.000, 754, 60.8, 4095, 3.300, 0, 0.000, 34.306, *
2022-04-06 16:22:52, 0, 0.000, 0, 0.000, 756, 60.9, 4095, 3.300, 0, 0.000, 34.306, *
2022-04-06 16:23:07, 0, 0.000, 0, 0.000, 757, 61.0, 4095, 3.300, 0, 0.000, 34.306, *
2022-04-06 16:23:22, 0, 0.000, 0, 0.000, 760, 61.2, 4095, 3.300, 0, 0.000, 34.306, *
2022-04-06 16:23:37, 0, 0.000, 0, 0.000, 764, 61.6, 4095, 3.300, 0, 0.000, 34.306, *
2022-04-06 16:23:52, 0, 0.000, 0, 0.000, 768, 61.9, 4095, 3.300, 0, 0.000, 34.306, *
2022-04-06 16:24:07, 51, 0.041, 38, 0.031, 769, 62.0, 4095, 3.300, -13, -0.010, 23.247, *
2022-04-06 16:24:22, 0, 0.000, 0, 0.000, 772, 62.2, 4095, 3.300, 0, 0.000, 34.306, *
2022-04-06 16:24:37, 0, 0.000, 0, 0.000, 776, 62.5, 4095, 3.300, 0, 0.000, 34.306, *
2022-04-06 16:24:52, 0, 0.000, 0, 0.000, 779, 62.8, 4095, 3.300, 0, 0.000, 34.306, *
2022-04-06 16:25:07, 0, 0.000, 0, 0.000, 781, 62.9, 4095, 3.300, 0, 0.000, 34.306, *
2022-04-06 16:25:22, 0, 0.000, 0, 0.000, 784, 63.2, 4095, 3.300, 0, 0.000, 34.306, *
2022-04-06 16:25:37, 0, 0.000, 0, 0.000, 783, 63.1, 4087, 3.294, 0, 0.000, 34.306, *
2022-04-06 16:25:52, 0, 0.000, 0, 0.000, 789, 63.6, 4095, 3.300, 0, 0.000, 34.306, *
2022-04-06 16:26:07, 0, 0.000, 0, 0.000, 792, 63.8, 4095, 3.300, 0, 0.000, 34.306, *
2022-04-06 16:26:22, 0, 0.000, 0, 0.000, 794, 64.0, 4095, 3.300, 0, 0.000, 34.306, *
2022-04-06 16:26:37, 0, 0.000, 0, 0.000, 798, 64.3, 4095, 3.300, 0, 0.000, 34.306, *
2022-04-06 16:26:52, 0, 0.000, 0, 0.000, 800, 64.5, 4095, 3.300, 0, 0.000, 34.306, *
2022-04-06 16:27:07, 0, 0.000, 0, 0.000, 802, 64.6, 4095, 3.300, 0, 0.000, 34.306, *
2022-04-06 16:27:22, 0, 0.000, 0, 0.000, 805, 64.9, 4095, 3.300, 0, 0.000, 34.306, *
2022-04-06 16:27:37, 0, 0.000, 0, 0.000, 808, 65.1, 4095, 3.300, 0, 0.000, 34.306, *
2022-04-06 16:27:52, 0, 0.000, 0, 0.000, 811, 65.4, 4095, 3.300, 0, 0.000, 34.306, *
2022-04-06 16:28:07, 0, 0.000, 0, 0.000, 813, 65.5, 4095, 3.300, 0, 0.000, 34.306, *
2022-04-06 16:28:22, 0, 0.000, 0, 0.000, 815, 65.7, 4095, 3.300, 0, 0.000, 34.306, *
2022-04-06 16:28:37, 0, 0.000, 0, 0.000, 816, 65.8, 4095, 3.300, 0, 0.000, 34.306, *
2022-04-06 16:28:52, 0, 0.000, 0, 0.000, 818, 65.9, 4095, 3.300, 0, 0.000, 34.306, *
2022-04-06 16:29:07, 0, 0.000, 0, 0.000, 820, 66.1, 4095, 3.300, 0, 0.000, 34.306, *
2022-04-06 16:29:22, 0, 0.000, 0, 0.000, 823, 66.3, 4095, 3.300, 0, 0.000, 34.306, *
2022-04-06 16:29:37, 0, 0.000, 0, 0.000, 825, 66.5, 4095, 3.300, 0, 0.000, 34.306, *
2022-04-06 16:29:52, 0, 0.000, 0, 0.000, 826, 66.6, 4095, 3.300, 0, 0.000, 34.306, *
2022-04-06 16:30:07, 0, 0.000, 45, 0.036, 829, 66.8, 4095, 3.300, 45, 0.036, 72.588, *
2022-04-06 16:30:22, 0, 0.000, 0, 0.000, 831, 67.0, 4095, 3.300, 0, 0.000, 34.306, *
2022-04-06 16:30:37, 0, 0.000, 0, 0.000, 833, 67.1, 4095, 3.300, 0, 0.000, 34.306, *
2022-04-06 16:30:52, 0, 0.000, 0, 0.000, 834, 67.2, 4095, 3.300, 0, 0.000, 34.306, *
2022-04-06 16:31:07, 0, 0.000, 99, 0.080, 839, 67.6, 4095, 3.300, 99, 0.080, 118.526
2022-04-06 16:31:22, 0, 0.000, 365, 0.294, 840, 67.7, 4095, 3.300, 365, 0.294, 344.812
2022-04-06 16:31:37, 0, 0.000, 0, 0.000, 844, 68.0, 4095, 3.300, 0, 0.000, 34.306, *
2022-04-06 16:31:52, 0, 0.000, 0, 0.000, 844, 68.0, 4095, 3.300, 0, 0.000, 34.306, *
2022-04-06 16:32:07, 0, 0.000, 123, 0.099, 846, 68.2, 4095, 3.300, 123, 0.099, 138.943
2022-04-06 16:32:22, 0, 0.000, 0, 0.000, 847, 68.3, 4095, 3.300, 0, 0.000, 34.306, *
2022-04-06 16:32:37, 0, 0.000, 1143, 0.921, 847, 68.3, 4095, 3.300, 1143, 0.921, 1006.658
2022-04-06 16:32:52, 0, 0.000, 0, 0.000, 847, 68.3, 4072, 3.281, 0, 0.000, 34.306, *
2022-04-06 16:33:07, 0, 0.000, 0, 0.000, 849, 68.4, 4095, 3.300, 0, 0.000, 34.306, *
2022-04-06 16:33:22, 0, 0.000, 291, 0.235, 849, 68.4, 4045, 3.260, 291, 0.235, 281.860
2022-04-06 16:33:37, 0, 0.000, 0, 0.000, 854, 68.8, 4095, 3.300, 0, 0.000, 34.306, *
2022-04-06 16:33:52, 0, 0.000, 0, 0.000, 856, 69.0, 4072, 3.281, 0, 0.000, 34.306, *
2022-04-06 16:34:07, 76, 0.061, 74, 0.060, 860, 69.3, 4095, 3.300, -2, -0.002, 32.605, *
2022-04-06 16:34:22, 0, 0.000, 0, 0.000, 862, 69.5, 4095, 3.300, 0, 0.000, 34.306, *
2022-04-06 16:34:37, 2, 0.002, 68, 0.055, 865, 69.7, 4095, 3.300, 66, 0.053, 90.453, *
2022-04-06 16:34:52, 0, 0.000, 0, 0.000, 865, 69.7, 4095, 3.300, 0, 0.000, 34.306, *
2022-04-06 16:35:07, 0, 0.000, 0, 0.000, 865, 69.7, 4095, 3.300, 0, 0.000, 34.306, *
2022-04-06 16:35:22, 0, 0.000, 0, 0.000, 868, 69.9, 4095, 3.300, 0, 0.000, 34.306, *
2022-04-06 16:35:37, 0, 0.000, 0, 0.000, 868, 69.9, 4095, 3.300, 0, 0.000, 34.306, *
2022-04-06 16:35:52, 63, 0.051, 60, 0.048, 870, 70.1, 4095, 3.300, -3, -0.002, 31.754, *
2022-04-06 16:36:07, 0, 0.000, 6, 0.005, 871, 70.2, 4095, 3.300, 6, 0.005, 39.410, *
2022-04-06 16:36:22, 0, 0.000, 0, 0.000, 873, 70.4, 4095, 3.300, 0, 0.000, 34.306, *
2022-04-06 16:36:37, 17, 0.014, 41, 0.033, 874, 70.4, 4095, 3.300, 24, 0.019, 54.723, *
2022-04-06 16:36:52, 0, 0.000, 0, 0.000, 877, 70.7, 4095, 3.300, 0, 0.000, 34.306, *
2022-04-06 16:37:07, 0, 0.000, 0, 0.000, 877, 70.7, 4095, 3.300, 0, 0.000, 34.306, *
2022-04-06 16:37:22, 0, 0.000, 4093, 3.298, 878, 70.8, 4095, 3.300, 4093, 3.298, 3516.229, *
2022-04-06 16:37:37, 0, 0.000, 2690, 2.168, 879, 70.8, 4095, 3.300, 2690, 2.168, 2322.694
2022-04-06 16:37:52, 0, 0.000, 0, 0.000, 880, 70.9, 4095, 3.300, 0, 0.000, 34.306, *
2022-04-06 16:38:07, 0, 0.000, 3276, 2.640, 880, 70.9, 4095, 3.300, 3276, 2.640, 2821.205
2022-04-06 16:38:22, 0, 0.000, 0, 0.000, 881, 71.0, 4095, 3.300, 0, 0.000, 34.306, *
2022-04-06 16:38:37, 0, 0.000, 0, 0.000, 881, 71.0, 4066, 3.277, 0, 0.000, 34.306, *
2022-04-06 16:38:52, 0, 0.000, 2356, 1.899, 883, 71.2, 4095, 3.300, 2356, 1.899, 2038.560
2022-04-06 16:39:07, 0, 0.000, 243, 0.196, 885, 71.3, 4095, 3.300, 243, 0.196, 241.027
2022-04-06 16:39:22, 0, 0.000, 68, 0.055, 887, 71.5, 4095, 3.300, 68, 0.055, 92.154, *
2022-04-06 16:39:37, 0, 0.000, 0, 0.000, 888, 71.6, 4095, 3.300, 0, 0.000, 34.306, *
2022-04-06 16:39:52, 0, 0.000, 0, 0.000, 889, 71.6, 4095, 3.300, 0, 0.000, 34.306, *
2022-04-06 16:40:07, 0, 0.000, 0, 0.000, 891, 71.8, 4095, 3.300, 0, 0.000, 34.306, *
2022-04-06 16:40:22, 0, 0.000, 0, 0.000, 892, 71.9, 4095, 3.300, 0, 0.000, 34.306, *
2022-04-06 16:40:37, 0, 0.000, 0, 0.000, 895, 72.1, 4095, 3.300, 0, 0.000, 34.306, *
2022-04-06 16:40:52, 0, 0.000, 0, 0.000, 895, 72.1, 4095, 3.300, 0, 0.000, 34.306, *
2022-04-06 16:41:07, 0, 0.000, 0, 0.000, 895, 72.1, 4059, 3.271, 0, 0.000, 34.306, *
2022-04-06 16:41:22, 3, 0.002, 261, 0.210, 899, 72.4, 4095, 3.300, 258, 0.208, 253.787
2022-04-06 16:41:37, 0, 0.000, 4095, 3.300, 899, 72.4, 4095, 3.300, 4095, 3.300, 3517.930, *
2022-04-06 16:41:52, 0, 0.000, 4091, 3.297, 903, 72.8, 4095, 3.300, 4091, 3.297, 3514.527, *
2022-04-06 16:42:07, 0, 0.000, 169, 0.136, 907, 73.1, 4095, 3.300, 169, 0.136, 178.075
2022-04-06 16:42:22, 0, 0.000, 0, 0.000, 907, 73.1, 4095, 3.300, 0, 0.000, 34.306, *
2022-04-06 16:42:37, 0, 0.000, 819, 0.660, 907, 73.1, 4095, 3.300, 819, 0.660, 731.031
2022-04-06 16:42:52, 0, 0.000, 0, 0.000, 909, 73.3, 4095, 3.300, 0, 0.000, 34.306, *
2022-04-06 16:43:07, 0, 0.000, 0, 0.000, 909, 73.3, 4095, 3.300, 0, 0.000, 34.306, *
2022-04-06 16:43:22, 0, 0.000, 0, 0.000, 909, 73.3, 4095, 3.300, 0, 0.000, 34.306, *
2022-04-06 16:43:37, 0, 0.000, 0, 0.000, 910, 73.3, 4095, 3.300, 0, 0.000, 34.306, *
2022-04-06 16:43:52, 0, 0.000, 0, 0.000, 910, 73.3, 4095, 3.300, 0, 0.000, 34.306, *
2022-04-06 16:44:07, 0, 0.000, 0, 0.000, 910, 73.3, 4095, 3.300, 0, 0.000, 34.306, *
2022-04-06 16:44:22, 0, 0.000, 0, 0.000, 911, 73.4, 4095, 3.300, 0, 0.000, 34.306, *
2022-04-06 16:44:37, 0, 0.000, 0, 0.000, 909, 73.3, 4095, 3.300, 0, 0.000, 34.306, *
2022-04-06 16:44:52, 0, 0.000, 0, 0.000, 911, 73.4, 4095, 3.300, 0, 0.000, 34.306, *
2022-04-06 16:45:07, 0, 0.000, 0, 0.000, 910, 73.3, 4095, 3.300, 0, 0.000, 34.306, *
2022-04-06 16:45:22, 0, 0.000, 0, 0.000, 911, 73.4, 4095, 3.300, 0, 0.000, 34.306, *
2022-04-06 16:45:37, 0, 0.000, 0, 0.000, 912, 73.5, 4095, 3.300, 0, 0.000, 34.306, *
2022-04-06 16:45:52, 0, 0.000, 0, 0.000, 911, 73.4, 4095, 3.300, 0, 0.000, 34.306, *
2022-04-06 16:46:07, 0, 0.000, 0, 0.000, 912, 73.5, 4095, 3.300, 0, 0.000, 34.306, *
2022-04-06 16:46:22, 0, 0.000, 0, 0.000, 912, 73.5, 4095, 3.300, 0, 0.000, 34.306, *
2022-04-06 16:46:37, 0, 0.000, 0, 0.000, 912, 73.5, 4095, 3.300, 0, 0.000, 34.306, *
2022-04-06 16:46:52, 0, 0.000, 0, 0.000, 912, 73.5, 4095, 3.300, 0, 0.000, 34.306, *
2022-04-06 16:47:07, 0, 0.000, 0, 0.000, 912, 73.5, 4095, 3.300, 0, 0.000, 34.306, *
2022-04-06 16:47:22, 0, 0.000, 0, 0.000, 912, 73.5, 4095, 3.300, 0, 0.000, 34.306, *
2022-04-06 16:47:37, 0, 0.000, 0, 0.000, 913, 73.6, 4095, 3.300, 0, 0.000, 34.306, *
2022-04-06 16:47:52, 0, 0.000, 0, 0.000, 912, 73.5, 4095, 3.300, 0, 0.000, 34.306, *
2022-04-06 16:48:07, 0, 0.000, 0, 0.000, 913, 73.6, 4095, 3.300, 0, 0.000, 34.306, *
2022-04-06 16:48:22, 0, 0.000, 0, 0.000, 914, 73.7, 4095, 3.300, 0, 0.000, 34.306, *
2022-04-06 16:48:37, 0, 0.000, 0, 0.000, 915, 73.7, 4095, 3.300, 0, 0.000, 34.306, *
2022-04-06 16:48:52, 0, 0.000, 0, 0.000, 915, 73.7, 4095, 3.300, 0, 0.000, 34.306, *
2022-04-06 16:49:07, 0, 0.000, 0, 0.000, 916, 73.8, 4095, 3.300, 0, 0.000, 34.306, *
2022-04-06 16:49:22, 0, 0.000, 0, 0.000, 914, 73.7, 4005, 3.227, 0, 0.000, 34.306, *
2022-04-06 16:49:39, 0, 0.000, 0, 0.000, 922, 74.3, 4095, 3.300, 0, 0.000, 34.306, *
2022-04-06 16:49:54, 0, 0.000, 0, 0.000, 922, 74.3, 4095, 3.300, 0, 0.000, 34.306, *
2022-04-06 16:50:09, 0, 0.000, 0, 0.000, 922, 74.3, 4095, 3.300, 0, 0.000, 34.306, *
2022-04-06 16:50:24, 0, 0.000, 0, 0.000, 922, 74.3, 4095, 3.300, 0, 0.000, 34.306, *
2022-04-06 16:50:39, 0, 0.000, 0, 0.000, 921, 74.2, 4095, 3.300, 0, 0.000, 34.306, *
2022-04-06 16:50:54, 69, 0.056, 97, 0.078, 919, 74.1, 4095, 3.300, 28, 0.023, 58.126, *
2022-04-06 16:51:09, 0, 0.000, 0, 0.000, 918, 74.0, 4095, 3.300, 0, 0.000, 34.306, *
2022-04-06 16:51:24, 0, 0.000, 0, 0.000, 915, 73.7, 4095, 3.300, 0, 0.000, 34.306, *
2022-04-06 16:51:39, 0, 0.000, 0, 0.000, 914, 73.7, 4095, 3.300, 0, 0.000, 34.306, *
2022-04-06 16:51:54, 0, 0.000, 0, 0.000, 912, 73.5, 4095, 3.300, 0, 0.000, 34.306, *
2022-04-06 16:52:09, 22, 0.018, 21, 0.017, 911, 73.4, 4095, 3.300, -1, -0.001, 33.456, *
2022-04-06 16:52:24, 0, 0.000, 0, 0.000, 910, 73.3, 4095, 3.300, 0, 0.000, 34.306, *
2022-04-06 16:52:39, 0, 0.000, 0, 0.000, 905, 72.9, 4095, 3.300, 0, 0.000, 34.306, *
2022-04-06 16:52:54, 0, 0.000, 0, 0.000, 902, 72.7, 4095, 3.300, 0, 0.000, 34.306, *
2022-04-06 16:53:09, 0, 0.000, 0, 0.000, 899, 72.4, 4095, 3.300, 0, 0.000, 34.306, *
2022-04-06 16:53:24, 0, 0.000, 0, 0.000, 896, 72.2, 4095, 3.300, 0, 0.000, 34.306, *
2022-04-06 16:53:39, 0, 0.000, 0, 0.000, 895, 72.1, 4095, 3.300, 0, 0.000, 34.306, *
2022-04-06 16:53:54, 0, 0.000, 0, 0.000, 889, 71.6, 4095, 3.300, 0, 0.000, 34.306, *
2022-04-06 16:54:09, 0, 0.000, 0, 0.000, 885, 71.3, 4095, 3.300, 0, 0.000, 34.306, *
2022-04-06 16:54:24, 0, 0.000, 0, 0.000, 883, 71.2, 4095, 3.300, 0, 0.000, 34.306, *
2022-04-06 16:54:39, 0, 0.000, 0, 0.000, 880, 70.9, 4095, 3.300, 0, 0.000, 34.306, *
2022-04-06 16:54:54, 0, 0.000, 0, 0.000, 878, 70.8, 4095, 3.300, 0, 0.000, 34.306, *
2022-04-06 16:55:09, 0, 0.000, 0, 0.000, 874, 70.4, 4095, 3.300, 0, 0.000, 34.306, *
2022-04-06 16:55:24, 0, 0.000, 0, 0.000, 870, 70.1, 4095, 3.300, 0, 0.000, 34.306, *
2022-04-06 16:55:39, 0, 0.000, 964, 0.777, 865, 69.7, 4095, 3.300, 964, 0.777, 854.383
2022-04-06 16:55:54, 0, 0.000, 67, 0.054, 863, 69.5, 4095, 3.300, 67, 0.054, 91.303, *
2022-04-06 16:56:09, 0, 0.000, 0, 0.000, 861, 69.4, 4095, 3.300, 0, 0.000, 34.306, *
2022-04-06 16:56:24, 0, 0.000, 0, 0.000, 856, 69.0, 4095, 3.300, 0, 0.000, 34.306, *
2022-04-06 16:56:39, 9, 0.007, 130, 0.105, 853, 68.7, 4095, 3.300, 121, 0.098, 137.241
2022-04-06 16:56:54, 0, 0.000, 0, 0.000, 850, 68.5, 4095, 3.300, 0, 0.000, 34.306, *
2022-04-06 16:57:09, 0, 0.000, 0, 0.000, 848, 68.3, 4095, 3.300, 0, 0.000, 34.306, *
2022-04-06 16:57:24, 0, 0.000, 0, 0.000, 847, 68.3, 4095, 3.300, 0, 0.000, 34.306, *
2022-04-06 16:57:39, 0, 0.000, 0, 0.000, 845, 68.1, 4095, 3.300, 0, 0.000, 34.306, *
2022-04-06 16:57:54, 0, 0.000, 0, 0.000, 843, 67.9, 4095, 3.300, 0, 0.000, 34.306, *
2022-04-06 16:58:09, 0, 0.000, 0, 0.000, 840, 67.7, 4095, 3.300, 0, 0.000, 34.306, *
2022-04-06 16:58:24, 0, 0.000, 0, 0.000, 838, 67.5, 4095, 3.300, 0, 0.000, 34.306, *
2022-04-06 16:58:39, 0, 0.000, 0, 0.000, 834, 67.2, 4095, 3.300, 0, 0.000, 34.306, *
2022-04-06 16:58:54, 0, 0.000, 0, 0.000, 833, 67.1, 4095, 3.300, 0, 0.000, 34.306, *
2022-04-06 16:59:09, 0, 0.000, 0, 0.000, 831, 67.0, 4095, 3.300, 0, 0.000, 34.306, *
2022-04-06 16:59:24, 0, 0.000, 0, 0.000, 829, 66.8, 4095, 3.300, 0, 0.000, 34.306, *
2022-04-06 16:59:39, 0, 0.000, 0, 0.000, 827, 66.6, 4095, 3.300, 0, 0.000, 34.306, *
2022-04-06 16:59:54, 0, 0.000, 308, 0.248, 824, 66.4, 4095, 3.300, 308, 0.248, 296.322
2022-04-06 17:00:09, 0, 0.000, 0, 0.000, 823, 66.3, 4095, 3.300, 0, 0.000, 34.306, *
2022-04-06 17:00:24, 0, 0.000, 0, 0.000, 819, 66.0, 4095, 3.300, 0, 0.000, 34.306, *
2022-04-06 17:00:39, 0, 0.000, 0, 0.000, 817, 65.8, 4095, 3.300, 0, 0.000, 34.306, *
2022-04-06 17:00:54, 0, 0.000, 0, 0.000, 817, 65.8, 4095, 3.300, 0, 0.000, 34.306, *
2022-04-06 17:01:09, 0, 0.000, 0, 0.000, 815, 65.7, 4095, 3.300, 0, 0.000, 34.306, *
2022-04-06 17:01:24, 0, 0.000, 0, 0.000, 815, 65.7, 4095, 3.300, 0, 0.000, 34.306, *
2022-04-06 17:01:39, 0, 0.000, 0, 0.000, 812, 65.4, 4095, 3.300, 0, 0.000, 34.306, *
2022-04-06 17:01:54, 0, 0.000, 0, 0.000, 810, 65.3, 4095, 3.300, 0, 0.000, 34.306, *
2022-04-06 17:02:09, 0, 0.000, 0, 0.000, 809, 65.2, 4095, 3.300, 0, 0.000, 34.306, *
2022-04-06 17:02:24, 0, 0.000, 0, 0.000, 805, 64.9, 4095, 3.300, 0, 0.000, 34.306, *
2022-04-06 17:02:39, 0, 0.000, 0, 0.000, 804, 64.8, 4095, 3.300, 0, 0.000, 34.306, *
2022-04-06 17:02:54, 0, 0.000, 0, 0.000, 803, 64.7, 4095, 3.300, 0, 0.000, 34.306, *
2022-04-06 17:03:09, 0, 0.000, 0, 0.000, 800, 64.5, 4095, 3.300, 0, 0.000, 34.306, *
2022-04-06 17:03:24, 0, 0.000, 0, 0.000, 799, 64.4, 4095, 3.300, 0, 0.000, 34.306, *
2022-04-06 17:03:39, 0, 0.000, 0, 0.000, 797, 64.2, 4095, 3.300, 0, 0.000, 34.306, *
2022-04-06 17:03:54, 0, 0.000, 0, 0.000, 796, 64.1, 4095, 3.300, 0, 0.000, 34.306, *
2022-04-06 17:04:09, 0, 0.000, 0, 0.000, 793, 63.9, 4095, 3.300, 0, 0.000, 34.306, *
2022-04-06 17:04:24, 0, 0.000, 0, 0.000, 793, 63.9, 4095, 3.300, 0, 0.000, 34.306, *
2022-04-06 17:04:39, 0, 0.000, 0, 0.000, 792, 63.8, 4095, 3.300, 0, 0.000, 34.306, *
2022-04-06 17:04:54, 0, 0.000, 0, 0.000, 789, 63.6, 4095, 3.300, 0, 0.000, 34.306, *
2022-04-06 17:05:09, 0, 0.000, 0, 0.000, 788, 63.5, 4095, 3.300, 0, 0.000, 34.306, *
2022-04-06 17:05:24, 0, 0.000, 0, 0.000, 787, 63.4, 4095, 3.300, 0, 0.000, 34.306, *
2022-04-06 17:05:39, 0, 0.000, 0, 0.000, 785, 63.3, 4095, 3.300, 0, 0.000, 34.306, *
2022-04-06 17:05:54, 0, 0.000, 0, 0.000, 784, 63.2, 4095, 3.300, 0, 0.000, 34.306, *
2022-04-06 17:06:09, 0, 0.000, 0, 0.000, 784, 63.2, 4095, 3.300, 0, 0.000, 34.306, *
2022-04-06 17:06:24, 0, 0.000, 0, 0.000, 783, 63.1, 4095, 3.300, 0, 0.000, 34.306, *
2022-04-06 17:06:39, 0, 0.000, 0, 0.000, 783, 63.1, 4095, 3.300, 0, 0.000, 34.306, *
2022-04-06 17:06:54, 0, 0.000, 0, 0.000, 780, 62.9, 4095, 3.300, 0, 0.000, 34.306, *
2022-04-06 17:07:09, 0, 0.000, 0, 0.000, 780, 62.9, 4095, 3.300, 0, 0.000, 34.306, *
2022-04-06 17:07:24, 0, 0.000, 0, 0.000, 776, 62.5, 4095, 3.300, 0, 0.000, 34.306, *
2022-04-06 17:07:39, 0, 0.000, 0, 0.000, 775, 62.5, 4095, 3.300, 0, 0.000, 34.306, *
2022-04-06 17:07:54, 0, 0.000, 78, 0.063, 775, 62.5, 4095, 3.300, 78, 0.063, 100.661
2022-04-06 17:08:09, 0, 0.000, 0, 0.000, 773, 62.3, 4095, 3.300, 0, 0.000, 34.306, *
2022-04-06 17:08:24, 0, 0.000, 0, 0.000, 773, 62.3, 4095, 3.300, 0, 0.000, 34.306, *
2022-04-06 17:08:39, 0, 0.000, 0, 0.000, 771, 62.1, 4095, 3.300, 0, 0.000, 34.306, *
2022-04-06 17:08:54, 0, 0.000, 0, 0.000, 771, 62.1, 4095, 3.300, 0, 0.000, 34.306, *
2022-04-06 17:09:09, 0, 0.000, 0, 0.000, 770, 62.1, 4095, 3.300, 0, 0.000, 34.306, *
2022-04-06 17:09:24, 0, 0.000, 0, 0.000, 769, 62.0, 4095, 3.300, 0, 0.000, 34.306, *
2022-04-06 17:09:39, 0, 0.000, 0, 0.000, 768, 61.9, 4095, 3.300, 0, 0.000, 34.306, *
2022-04-06 17:09:54, 0, 0.000, 0, 0.000, 767, 61.8, 4095, 3.300, 0, 0.000, 34.306, *
2022-04-06 17:10:09, 0, 0.000, 0, 0.000, 767, 61.8, 4095, 3.300, 0, 0.000, 34.306, *
2022-04-06 17:10:24, 0, 0.000, 0, 0.000, 766, 61.7, 4095, 3.300, 0, 0.000, 34.306, *
2022-04-06 17:10:39, 0, 0.000, 0, 0.000, 765, 61.6, 4095, 3.300, 0, 0.000, 34.306, *
2022-04-06 17:10:54, 0, 0.000, 21, 0.017, 763, 61.5, 4095, 3.300, 21, 0.017, 52.171, *
2022-04-06 17:11:09, 0, 0.000, 22, 0.018, 762, 61.4, 4095, 3.300, 22, 0.018, 53.022, *
2022-04-06 17:11:24, 0, 0.000, 22, 0.018, 761, 61.3, 4095, 3.300, 22, 0.018, 53.022, *
2022-04-06 17:11:39, 0, 0.000, 22, 0.018, 760, 61.2, 4095, 3.300, 22, 0.018, 53.022, *
2022-04-06 17:11:54, 0, 0.000, 23, 0.019, 759, 61.2, 4095, 3.300, 23, 0.019, 53.872, *
2022-04-06 17:12:09, 0, 0.000, 46, 0.037, 757, 61.0, 4095, 3.300, 46, 0.037, 73.439, *
2022-04-06 17:12:24, 0, 0.000, 26, 0.021, 756, 60.9, 4095, 3.300, 26, 0.021, 56.425, *
2022-04-06 17:12:39, 0, 0.000, 0, 0.000, 755, 60.8, 4095, 3.300, 0, 0.000, 34.306, *
2022-04-06 17:12:54, 0, 0.000, 0, 0.000, 755, 60.8, 4095, 3.300, 0, 0.000, 34.306, *
2022-04-06 17:13:09, 0, 0.000, 0, 0.000, 753, 60.7, 4095, 3.300, 0, 0.000, 34.306, *
2022-04-06 17:13:24, 0, 0.000, 0, 0.000, 753, 60.7, 4095, 3.300, 0, 0.000, 34.306, *
2022-04-06 17:13:39, 0, 0.000, 0, 0.000, 752, 60.6, 4095, 3.300, 0, 0.000, 34.306, *
2022-04-06 17:13:54, 0, 0.000, 0, 0.000, 752, 60.6, 4095, 3.300, 0, 0.000, 34.306, *
2022-04-06 17:14:09, 0, 0.000, 0, 0.000, 752, 60.6, 4095, 3.300, 0, 0.000, 34.306, *
2022-04-06 17:14:24, 0, 0.000, 0, 0.000, 752, 60.6, 4095, 3.300, 0, 0.000, 34.306, *
2022-04-06 17:14:39, 0, 0.000, 129, 0.104, 751, 60.5, 4095, 3.300, 129, 0.104, 144.047
2022-04-06 17:14:54, 0, 0.000, 130, 0.105, 751, 60.5, 4095, 3.300, 130, 0.105, 144.897
2022-04-06 17:15:09, 0, 0.000, 131, 0.106, 751, 60.5, 4095, 3.300, 131, 0.106, 145.748
2022-04-06 17:15:24, 0, 0.000, 130, 0.105, 749, 60.4, 4095, 3.300, 130, 0.105, 144.897
2022-04-06 17:15:39, 0, 0.000, 130, 0.105, 749, 60.4, 4095, 3.300, 130, 0.105, 144.897
2022-04-06 17:15:54, 0, 0.000, 131, 0.106, 749, 60.4, 4095, 3.300, 131, 0.106, 145.748
2022-04-06 17:16:09, 0, 0.000, 131, 0.106, 747, 60.2, 4095, 3.300, 131, 0.106, 145.748
2022-04-06 17:16:24, 0, 0.000, 130, 0.105, 746, 60.1, 4095, 3.300, 130, 0.105, 144.897
2022-04-06 17:16:39, 0, 0.000, 0, 0.000, 747, 60.2, 4095, 3.300, 0, 0.000, 34.306, *
2022-04-06 17:16:54, 0, 0.000, 0, 0.000, 745, 60.0, 4095, 3.300, 0, 0.000, 34.306, *
2022-04-06 17:17:09, 0, 0.000, 0, 0.000, 746, 60.1, 4095, 3.300, 0, 0.000, 34.306, *
2022-04-06 17:17:24, 0, 0.000, 0, 0.000, 746, 60.1, 4095, 3.300, 0, 0.000, 34.306, *
2022-04-06 17:17:39, 0, 0.000, 0, 0.000, 744, 60.0, 4095, 3.300, 0, 0.000, 34.306, *
2022-04-06 17:17:54, 0, 0.000, 0, 0.000, 743, 59.9, 4095, 3.300, 0, 0.000, 34.306, *
2022-04-06 17:18:09, 0, 0.000, 0, 0.000, 743, 59.9, 4095, 3.300, 0, 0.000, 34.306, *
2022-04-06 17:18:24, 0, 0.000, 0, 0.000, 741, 59.7, 4095, 3.300, 0, 0.000, 34.306, *
2022-04-06 17:18:39, 0, 0.000, 0, 0.000, 742, 59.8, 4095, 3.300, 0, 0.000, 34.306, *
2022-04-06 17:18:54, 0, 0.000, 52, 0.042, 740, 59.6, 4095, 3.300, 52, 0.042, 78.543, *
2022-04-06 17:19:09, 0, 0.000, 190, 0.153, 740, 59.6, 4095, 3.300, 190, 0.153, 195.940
2022-04-06 17:19:24, 0, 0.000, 192, 0.155, 738, 59.5, 4095, 3.300, 192, 0.155, 197.641
2022-04-06 17:19:39, 0, 0.000, 202, 0.163, 739, 59.6, 4095, 3.300, 202, 0.163, 206.148
2022-04-06 17:19:54, 0, 0.000, 154, 0.124, 738, 59.5, 4095, 3.300, 154, 0.124, 165.314
2022-04-06 17:20:09, 0, 0.000, 192, 0.155, 737, 59.4, 4095, 3.300, 192, 0.155, 197.641
2022-04-06 17:20:24, 0, 0.000, 192, 0.155, 736, 59.3, 4095, 3.300, 192, 0.155, 197.641
2022-04-06 17:20:39, 0, 0.000, 773, 0.623, 736, 59.3, 4095, 3.300, 773, 0.623, 691.899
2022-04-06 17:20:54, 0, 0.000, 167, 0.135, 736, 59.3, 4095, 3.300, 167, 0.135, 176.373
2022-04-06 17:21:09, 0, 0.000, 192, 0.155, 735, 59.2, 4095, 3.300, 192, 0.155, 197.641
2022-04-06 17:21:24, 0, 0.000, 0, 0.000, 735, 59.2, 4095, 3.300, 0, 0.000, 34.306, *
2022-04-06 17:21:39, 0, 0.000, 0, 0.000, 733, 59.1, 4095, 3.300, 0, 0.000, 34.306, *
2022-04-06 17:21:54, 0, 0.000, 0, 0.000, 734, 59.2, 4095, 3.300, 0, 0.000, 34.306, *
2022-04-06 17:22:09, 0, 0.000, 0, 0.000, 733, 59.1, 4095, 3.300, 0, 0.000, 34.306, *
2022-04-06 17:22:24, 0, 0.000, 0, 0.000, 733, 59.1, 4095, 3.300, 0, 0.000, 34.306, *
2022-04-06 17:22:39, 0, 0.000, 0, 0.000, 732, 59.0, 4095, 3.300, 0, 0.000, 34.306, *
2022-04-06 17:22:54, 0, 0.000, 97, 0.078, 732, 59.0, 4095, 3.300, 97, 0.078, 116.824
2022-04-06 17:23:09, 0, 0.000, 300, 0.242, 731, 58.9, 4095, 3.300, 300, 0.242, 289.517
2022-04-06 17:23:24, 0, 0.000, 300, 0.242, 730, 58.8, 4095, 3.300, 300, 0.242, 289.517
2022-04-06 17:23:39, 0, 0.000, 299, 0.241, 729, 58.7, 4095, 3.300, 299, 0.241, 288.666
2022-04-06 17:23:54, 0, 0.000, 298, 0.240, 728, 58.7, 4095, 3.300, 298, 0.240, 287.815
2022-04-06 17:24:09, 0, 0.000, 299, 0.241, 727, 58.6, 4095, 3.300, 299, 0.241, 288.666
2022-04-06 17:24:24, 0, 0.000, 299, 0.241, 728, 58.7, 4095, 3.300, 299, 0.241, 288.666
2022-04-06 17:24:39, 0, 0.000, 0, 0.000, 726, 58.5, 4095, 3.300, 0, 0.000, 34.306, *
2022-04-06 17:24:54, 0, 0.000, 0, 0.000, 727, 58.6, 4095, 3.300, 0, 0.000, 34.306, *
2022-04-06 17:25:09, 0, 0.000, 0, 0.000, 724, 58.3, 4095, 3.300, 0, 0.000, 34.306, *
2022-04-06 17:25:24, 0, 0.000, 0, 0.000, 724, 58.3, 4095, 3.300, 0, 0.000, 34.306, *
2022-04-06 17:25:39, 0, 0.000, 0, 0.000, 722, 58.2, 4095, 3.300, 0, 0.000, 34.306, *
2022-04-06 17:25:54, 0, 0.000, 0, 0.000, 722, 58.2, 4095, 3.300, 0, 0.000, 34.306, *
2022-04-06 17:26:09, 0, 0.000, 0, 0.000, 721, 58.1, 4095, 3.300, 0, 0.000, 34.306, *
2022-04-06 17:26:24, 0, 0.000, 0, 0.000, 721, 58.1, 4095, 3.300, 0, 0.000, 34.306, *
2022-04-06 17:26:39, 0, 0.000, 1, 0.001, 720, 58.0, 4095, 3.300, 1, 0.001, 35.157, *
2022-04-06 17:26:54, 0, 0.000, 423, 0.341, 720, 58.0, 4095, 3.300, 423, 0.341, 394.153
2022-04-06 17:27:09, 0, 0.000, 426, 0.343, 720, 58.0, 4095, 3.300, 426, 0.343, 396.705
2022-04-06 17:27:24, 0, 0.000, 429, 0.346, 720, 58.0, 4095, 3.300, 429, 0.346, 399.257
2022-04-06 17:27:39, 0, 0.000, 428, 0.345, 720, 58.0, 4095, 3.300, 428, 0.345, 398.407
2022-04-06 17:27:54, 0, 0.000, 427, 0.344, 720, 58.0, 4095, 3.300, 427, 0.344, 397.556
2022-04-06 17:28:09, 0, 0.000, 425, 0.342, 720, 58.0, 4095, 3.300, 425, 0.342, 395.855
2022-04-06 17:28:24, 0, 0.000, 425, 0.342, 719, 57.9, 4095, 3.300, 425, 0.342, 395.855
2022-04-06 17:28:39, 0, 0.000, 34, 0.027, 719, 57.9, 4095, 3.300, 34, 0.027, 63.230, *
2022-04-06 17:28:52, 0, 0.000, 0, 0.000, 715, 57.6, 4095, 3.300, 0, 0.000, 34.306, *
2022-04-06 17:29:07, 0, 0.000, 0, 0.000, 715, 57.6, 4095, 3.300, 0, 0.000, 34.306, *
2022-04-06 17:29:22, 0, 0.000, 0, 0.000, 714, 57.5, 4095, 3.300, 0, 0.000, 34.306, *
2022-04-06 17:29:37, 0, 0.000, 0, 0.000, 713, 57.5, 4095, 3.300, 0, 0.000, 34.306, *
2022-04-06 17:29:52, 0, 0.000, 0, 0.000, 716, 57.7, 4095, 3.300, 0, 0.000, 34.306, *
2022-04-06 17:30:07, 0, 0.000, 0, 0.000, 713, 57.5, 4095, 3.300, 0, 0.000, 34.306, *
2022-04-06 17:30:22, 0, 0.000, 0, 0.000, 717, 57.8, 4065, 3.276, 0, 0.000, 34.306, *
2022-04-06 17:30:37, 0, 0.000, 0, 0.000, 719, 57.9, 4095, 3.300, 0, 0.000, 34.306, *
2022-04-06 17:30:54, 0, 0.000, 0, 0.000, 721, 58.1, 4095, 3.300, 0, 0.000, 34.306, *
2022-04-06 17:31:09, 0, 0.000, 0, 0.000, 723, 58.3, 4095, 3.300, 0, 0.000, 34.306, *
2022-04-06 17:31:24, 0, 0.000, 0, 0.000, 725, 58.4, 4095, 3.300, 0, 0.000, 34.306, *
2022-04-06 17:31:39, 0, 0.000, 0, 0.000, 727, 58.6, 4095, 3.300, 0, 0.000, 34.306, *
2022-04-06 17:31:54, 0, 0.000, 0, 0.000, 729, 58.7, 4095, 3.300, 0, 0.000, 34.306, *
2022-04-06 17:32:09, 0, 0.000, 0, 0.000, 730, 58.8, 4095, 3.300, 0, 0.000, 34.306, *
2022-04-06 17:32:24, 0, 0.000, 0, 0.000, 731, 58.9, 4095, 3.300, 0, 0.000, 34.306, *
2022-04-06 17:32:39, 0, 0.000, 0, 0.000, 732, 59.0, 4095, 3.300, 0, 0.000, 34.306, *
2022-04-06 17:32:54, 0, 0.000, 0, 0.000, 732, 59.0, 4095, 3.300, 0, 0.000, 34.306, *
2022-04-06 17:33:09, 0, 0.000, 0, 0.000, 732, 59.0, 4095, 3.300, 0, 0.000, 34.306, *
2022-04-06 17:33:24, 0, 0.000, 0, 0.000, 733, 59.1, 4095, 3.300, 0, 0.000, 34.306, *
2022-04-06 17:33:39, 0, 0.000, 0, 0.000, 731, 58.9, 4095, 3.300, 0, 0.000, 34.306, *
2022-04-06 17:33:54, 0, 0.000, 0, 0.000, 733, 59.1, 4095, 3.300, 0, 0.000, 34.306, *
2022-04-06 17:34:09, 0, 0.000, 0, 0.000, 732, 59.0, 4095, 3.300, 0, 0.000, 34.306, *
2022-04-06 17:34:24, 0, 0.000, 0, 0.000, 731, 58.9, 4095, 3.300, 0, 0.000, 34.306, *
2022-04-06 17:34:39, 0, 0.000, 0, 0.000, 730, 58.8, 4095, 3.300, 0, 0.000, 34.306, *
2022-04-06 17:34:54, 0, 0.000, 0, 0.000, 730, 58.8, 4095, 3.300, 0, 0.000, 34.306, *
2022-04-06 17:35:09, 0, 0.000, 0, 0.000, 729, 58.7, 4095, 3.300, 0, 0.000, 34.306, *
2022-04-06 17:35:24, 0, 0.000, 0, 0.000, 729, 58.7, 4095, 3.300, 0, 0.000, 34.306, *
2022-04-06 17:35:39, 0, 0.000, 0, 0.000, 727, 58.6, 4095, 3.300, 0, 0.000, 34.306, *
2022-04-06 17:35:54, 0, 0.000, 0, 0.000, 727, 58.6, 4095, 3.300, 0, 0.000, 34.306, *
2022-04-06 17:36:09, 0, 0.000, 0, 0.000, 727, 58.6, 4095, 3.300, 0, 0.000, 34.306, *
2022-04-06 17:36:24, 0, 0.000, 0, 0.000, 725, 58.4, 4095, 3.300, 0, 0.000, 34.306, *
2022-04-06 17:36:39, 0, 0.000, 0, 0.000, 725, 58.4, 4095, 3.300, 0, 0.000, 34.306, *
2022-04-06 17:36:54, 0, 0.000, 0, 0.000, 725, 58.4, 4095, 3.300, 0, 0.000, 34.306, *
2022-04-06 17:37:09, 0, 0.000, 0, 0.000, 724, 58.3, 4095, 3.300, 0, 0.000, 34.306, *
2022-04-06 17:37:24, 0, 0.000, 0, 0.000, 723, 58.3, 4095, 3.300, 0, 0.000, 34.306, *
2022-04-06 17:37:39, 0, 0.000, 0, 0.000, 723, 58.3, 4095, 3.300, 0, 0.000, 34.306, *
2022-04-06 17:37:54, 0, 0.000, 0, 0.000, 721, 58.1, 4095, 3.300, 0, 0.000, 34.306, *
2022-04-06 17:38:09, 0, 0.000, 0, 0.000, 721, 58.1, 4095, 3.300, 0, 0.000, 34.306, *
2022-04-06 17:38:24, 0, 0.000, 0, 0.000, 722, 58.2, 4095, 3.300, 0, 0.000, 34.306, *
2022-04-06 17:38:39, 0, 0.000, 0, 0.000, 720, 58.0, 4095, 3.300, 0, 0.000, 34.306, *
2022-04-06 17:38:54, 0, 0.000, 0, 0.000, 720, 58.0, 4095, 3.300, 0, 0.000, 34.306, *
2022-04-06 17:39:09, 0, 0.000, 0, 0.000, 720, 58.0, 4095, 3.300, 0, 0.000, 34.306, *
2022-04-06 17:39:24, 0, 0.000, 0, 0.000, 720, 58.0, 4095, 3.300, 0, 0.000, 34.306, *
2022-04-06 17:39:39, 0, 0.000, 0, 0.000, 720, 58.0, 4095, 3.300, 0, 0.000, 34.306, *
2022-04-06 17:39:54, 0, 0.000, 0, 0.000, 720, 58.0, 4095, 3.300, 0, 0.000, 34.306, *
2022-04-06 17:40:09, 0, 0.000, 0, 0.000, 719, 57.9, 4095, 3.300, 0, 0.000, 34.306, *
2022-04-06 17:40:24, 0, 0.000, 0, 0.000, 720, 58.0, 4095, 3.300, 0, 0.000, 34.306, *
2022-04-06 17:40:39, 0, 0.000, 0, 0.000, 718, 57.9, 4095, 3.300, 0, 0.000, 34.306, *
2022-04-06 17:40:54, 0, 0.000, 0, 0.000, 718, 57.9, 4095, 3.300, 0, 0.000, 34.306, *
2022-04-06 17:41:09, 0, 0.000, 0, 0.000, 718, 57.9, 4095, 3.300, 0, 0.000, 34.306, *
2022-04-06 17:41:24, 0, 0.000, 0, 0.000, 718, 57.9, 4095, 3.300, 0, 0.000, 34.306, *
2022-04-06 17:41:39, 0, 0.000, 0, 0.000, 718, 57.9, 4095, 3.300, 0, 0.000, 34.306, *
2022-04-06 17:41:54, 111, 0.089, 117, 0.094, 717, 57.8, 4095, 3.300, 6, 0.005, 39.410, *
2022-04-06 17:42:09, 126, 0.102, 131, 0.106, 718, 57.9, 4095, 3.300, 5, 0.004, 38.560, *
2022-04-06 17:42:24, 149, 0.120, 154, 0.124, 718, 57.9, 4095, 3.300, 5, 0.004, 38.560, *
2022-04-06 17:42:39, 130, 0.105, 134, 0.108, 717, 57.8, 4095, 3.300, 4, 0.003, 37.709, *
2022-04-06 17:42:54, 0, 0.000, 0, 0.000, 716, 57.7, 4095, 3.300, 0, 0.000, 34.306, *
2022-04-06 17:43:09, 0, 0.000, 0, 0.000, 716, 57.7, 4095, 3.300, 0, 0.000, 34.306, *
2022-04-06 17:43:24, 145, 0.117, 151, 0.122, 716, 57.7, 4095, 3.300, 6, 0.005, 39.410, *
2022-04-06 17:43:39, 147, 0.118, 153, 0.123, 716, 57.7, 4095, 3.300, 6, 0.005, 39.410, *
2022-04-06 17:43:54, 144, 0.116, 148, 0.119, 717, 57.8, 4095, 3.300, 4, 0.003, 37.709, *
2022-04-06 17:44:09, 143, 0.115, 148, 0.119, 716, 57.7, 4095, 3.300, 5, 0.004, 38.560, *
2022-04-06 17:44:24, 97, 0.078, 103, 0.083, 717, 57.8, 4095, 3.300, 6, 0.005, 39.410, *
2022-04-06 17:44:39, 99, 0.080, 105, 0.085, 716, 57.7, 4095, 3.300, 6, 0.005, 39.410, *
2022-04-06 17:44:54, 143, 0.115, 145, 0.117, 715, 57.6, 4095, 3.300, 2, 0.002, 36.008, *
2022-04-06 17:45:09, 144, 0.116, 149, 0.120, 716, 57.7, 4095, 3.300, 5, 0.004, 38.560, *
2022-04-06 17:45:24, 144, 0.116, 148, 0.119, 715, 57.6, 4095, 3.300, 4, 0.003, 37.709, *
2022-04-06 17:45:39, 119, 0.096, 111, 0.089, 715, 57.6, 4095, 3.300, -8, -0.006, 27.501, *
2022-04-06 17:45:54, 0, 0.000, 0, 0.000, 716, 57.7, 4095, 3.300, 0, 0.000, 34.306, *
2022-04-06 17:46:09, 0, 0.000, 0, 0.000, 716, 57.7, 4095, 3.300, 0, 0.000, 34.306, *
2022-04-06 17:46:24, 0, 0.000, 0, 0.000, 714, 57.5, 4095, 3.300, 0, 0.000, 34.306, *
2022-04-06 17:46:39, 0, 0.000, 0, 0.000, 714, 57.5, 4095, 3.300, 0, 0.000, 34.306, *
2022-04-06 17:46:54, 0, 0.000, 0, 0.000, 715, 57.6, 4095, 3.300, 0, 0.000, 34.306, *
2022-04-06 17:47:09, 11, 0.009, 19, 0.015, 715, 57.6, 4095, 3.300, 8, 0.006, 41.112, *
2022-04-06 17:47:24, 112, 0.090, 120, 0.097, 717, 57.8, 4095, 3.300, 8, 0.006, 41.112, *
2022-04-06 17:47:39, 57, 0.046, 68, 0.055, 715, 57.6, 4095, 3.300, 11, 0.009, 43.664, *
2022-04-06 17:47:54, 102, 0.082, 110, 0.089, 715, 57.6, 4095, 3.300, 8, 0.006, 41.112, *
2022-04-06 17:48:09, 8, 0.006, 8, 0.006, 715, 57.6, 4095, 3.300, 0, 0.000, 34.306, *
2022-04-06 17:48:24, 46, 0.037, 49, 0.039, 716, 57.7, 4095, 3.300, 3, 0.002, 36.858, *
2022-04-06 17:48:39, 75, 0.060, 80, 0.064, 715, 57.6, 4095, 3.300, 5, 0.004, 38.560, *
2022-04-06 17:48:54, 71, 0.057, 79, 0.064, 715, 57.6, 4095, 3.300, 8, 0.006, 41.112, *
2022-04-06 17:49:09, 4, 0.003, 39, 0.031, 716, 57.7, 4095, 3.300, 35, 0.028, 64.081, *
2022-04-06 17:49:22, 0, 0.000, 0, 0.000, 710, 57.2, 4095, 3.300, 0, 0.000, 34.306, *
2022-04-06 17:49:37, 0, 0.000, 0, 0.000, 709, 57.1, 4095, 3.300, 0, 0.000, 34.306, *
2022-04-06 17:49:52, 3583, 2.887, 3603, 2.904, 708, 57.1, 4095, 3.300, 20, 0.016, 51.320, *
2022-04-06 17:50:07, 3530, 2.845, 3532, 2.846, 708, 57.1, 4095, 3.300, 2, 0.002, 36.008, *
2022-04-06 17:50:22, 1949, 1.571, 3492, 2.814, 711, 57.3, 4095, 3.300, 1543, 1.243, 1346.939
2022-04-06 17:50:37, 1331, 1.073, 3006, 2.422, 711, 57.3, 4095, 3.300, 1675, 1.350, 1459.232
2022-04-06 17:50:52, 1308, 1.054, 2921, 2.354, 712, 57.4, 4095, 3.300, 1613, 1.300, 1406.488
2022-04-06 17:51:07, 2318, 1.868, 2500, 2.015, 713, 57.5, 4047, 3.261, 182, 0.147, 189.134
2022-04-06 17:51:22, 1313, 1.058, 3474, 2.800, 716, 57.7, 4095, 3.300, 2161, 1.741, 1872.673
2022-04-06 17:51:37, 1554, 1.252, 1639, 1.321, 715, 57.6, 3997, 3.221, 85, 0.068, 106.616
2022-04-06 17:51:52, 1732, 1.396, 1933, 1.558, 720, 58.0, 4095, 3.300, 201, 0.162, 205.297
2022-04-06 17:52:07, 1631, 1.314, 1856, 1.496, 719, 57.9, 4046, 3.261, 225, 0.181, 225.714
2022-04-06 17:52:22, 1840, 1.483, 2042, 1.646, 723, 58.3, 4095, 3.300, 202, 0.163, 206.148
2022-04-06 17:52:37, 1716, 1.383, 1919, 1.546, 726, 58.5, 4095, 3.300, 203, 0.164, 206.999
2022-04-06 17:52:52, 1672, 1.347, 1876, 1.512, 728, 58.7, 4095, 3.300, 204, 0.164, 207.849
2022-04-06 17:53:07, 2263, 1.824, 2285, 1.841, 731, 58.9, 4095, 3.300, 22, 0.018, 53.022, *
2022-04-06 17:53:24, 2519, 2.030, 2741, 2.209, 740, 59.6, 4095, 3.300, 222, 0.179, 223.162
2022-04-06 17:53:39, 2129, 1.716, 2335, 1.882, 741, 59.7, 4095, 3.300, 206, 0.166, 209.551
2022-04-06 17:53:54, 1432, 1.154, 1653, 1.332, 742, 59.8, 4095, 3.300, 221, 0.178, 222.311
2022-04-06 17:54:09, 1127, 0.908, 1343, 1.082, 743, 59.9, 4095, 3.300, 216, 0.174, 218.058
2022-04-06 17:54:24, 1104, 0.890, 1324, 1.067, 744, 60.0, 4095, 3.300, 220, 0.177, 221.461
2022-04-06 17:54:39, 1104, 0.890, 1324, 1.067, 744, 60.0, 4095, 3.300, 220, 0.177, 221.461
2022-04-06 17:54:54, 1572, 1.267, 1538, 1.239, 743, 59.9, 4095, 3.300, -34, -0.027, 5.382, *
2022-04-06 17:55:09, 1138, 0.917, 1508, 1.215, 743, 59.9, 4095, 3.300, 370, 0.298, 349.066
2022-04-06 17:55:24, 991, 0.799, 1400, 1.128, 742, 59.8, 4095, 3.300, 409, 0.330, 382.243
2022-04-06 17:55:39, 978, 0.788, 1727, 1.392, 741, 59.7, 4095, 3.300, 749, 0.604, 671.482
2022-04-06 17:55:54, 1285, 1.036, 1643, 1.324, 740, 59.6, 4095, 3.300, 358, 0.288, 338.858
2022-04-06 17:56:09, 1171, 0.944, 1538, 1.239, 739, 59.6, 4095, 3.300, 367, 0.296, 346.514
2022-04-06 17:56:24, 1135, 0.915, 1508, 1.215, 738, 59.5, 4095, 3.300, 373, 0.301, 351.618
2022-04-06 17:56:39, 1154, 0.930, 1560, 1.257, 736, 59.3, 4095, 3.300, 406, 0.327, 379.691
2022-04-06 17:56:54, 1561, 1.258, 1940, 1.563, 735, 59.2, 4095, 3.300, 379, 0.305, 356.722
2022-04-06 17:57:09, 1178, 0.949, 1544, 1.244, 734, 59.2, 4095, 3.300, 366, 0.295, 345.663
2022-04-06 17:57:24, 1697, 1.368, 1696, 1.367, 733, 59.1, 4095, 3.300, -1, -0.001, 33.456, *
2022-04-06 17:57:39, 1976, 1.592, 1864, 1.502, 732, 59.0, 4095, 3.300, -112, -0.090, -60.972, *
2022-04-06 17:57:54, 1160, 0.935, 1574, 1.268, 728, 58.7, 4095, 3.300, 414, 0.334, 386.497
2022-04-06 17:58:09, 1524, 1.228, 1930, 1.555, 726, 58.5, 4095, 3.300, 406, 0.327, 379.691
2022-04-06 17:58:24, 1234, 0.994, 1648, 1.328, 724, 58.3, 4095, 3.300, 414, 0.334, 386.497
2022-04-06 17:58:39, 1641, 1.322, 2054, 1.655, 723, 58.3, 4095, 3.300, 413, 0.333, 385.646
2022-04-06 17:58:54, 2263, 1.824, 2674, 2.155, 721, 58.1, 4095, 3.300, 411, 0.331, 383.945
2022-04-06 17:59:09, 2452, 1.976, 2858, 2.303, 720, 58.0, 4095, 3.300, 406, 0.327, 379.691
2022-04-06 17:59:24, 2373, 1.912, 3024, 2.437, 720, 58.0, 4095, 3.300, 651, 0.525, 588.113
2022-04-06 17:59:39, 2163, 1.743, 1976, 1.592, 720, 58.0, 4095, 3.300, -187, -0.151, -124.775, *
2022-04-06 17:59:54, 3649, 2.941, 3730, 3.006, 720, 58.0, 4095, 3.300, 81, 0.065, 103.213
2022-04-06 18:00:09, 1239, 0.998, 1780, 1.434, 719, 57.9, 4095, 3.300, 541, 0.436, 494.536
2022-04-06 18:00:24, 1294, 1.043, 1829, 1.474, 718, 57.9, 4095, 3.300, 535, 0.431, 489.432
2022-04-06 18:00:39, 1400, 1.128, 1922, 1.549, 716, 57.7, 4095, 3.300, 522, 0.421, 478.373
2022-04-06 18:00:54, 1469, 1.184, 2001, 1.613, 715, 57.6, 4095, 3.300, 532, 0.429, 486.880
2022-04-06 18:01:09, 1564, 1.260, 2090, 1.684, 712, 57.4, 4095, 3.300, 526, 0.424, 481.775
2022-04-06 18:01:24, 1302, 1.049, 1830, 1.475, 710, 57.2, 4095, 3.300, 528, 0.425, 483.477
2022-04-06 18:01:39, 1150, 0.927, 1690, 1.362, 708, 57.1, 4095, 3.300, 540, 0.435, 493.685
2022-04-06 18:01:54, 2099, 1.692, 2117, 1.706, 706, 56.9, 4095, 3.300, 18, 0.015, 49.619, *
2022-04-06 18:02:09, 2360, 1.902, 2449, 1.974, 705, 56.8, 4095, 3.300, 89, 0.072, 110.019
2022-04-06 18:02:24, 2717, 2.190, 2719, 2.191, 703, 56.7, 4095, 3.300, 2, 0.002, 36.008, *
2022-04-06 18:02:39, 2025, 1.632, 2655, 2.140, 701, 56.5, 4095, 3.300, 630, 0.508, 570.248
2022-04-06 18:02:54, 2704, 2.179, 3433, 2.767, 699, 56.3, 4095, 3.300, 729, 0.587, 654.468
2022-04-06 18:03:09, 2850, 2.297, 3631, 2.926, 697, 56.2, 4095, 3.300, 781, 0.629, 698.704
2022-04-06 18:03:24, 2015, 1.624, 2660, 2.144, 694, 55.9, 4095, 3.300, 645, 0.520, 583.009
2022-04-06 18:03:39, 2421, 1.951, 3078, 2.480, 691, 55.7, 4095, 3.300, 657, 0.529, 593.217
2022-04-06 18:03:54, 2455, 1.978, 3137, 2.528, 690, 55.6, 4095, 3.300, 682, 0.550, 614.485
2022-04-06 18:04:09, 2396, 1.931, 3042, 2.451, 689, 55.5, 4095, 3.300, 646, 0.521, 583.860
2022-04-06 18:04:24, 1767, 1.424, 2405, 1.938, 688, 55.4, 4095, 3.300, 638, 0.514, 577.054
2022-04-06 18:04:39, 1816, 1.463, 2461, 1.983, 688, 55.4, 4095, 3.300, 645, 0.520, 583.009
2022-04-06 18:04:54, 1695, 1.366, 2329, 1.877, 687, 55.4, 4095, 3.300, 634, 0.511, 573.651
2022-04-06 18:05:09, 1885, 1.519, 1917, 1.545, 687, 55.4, 4095, 3.300, 32, 0.026, 61.529, *
2022-04-06 18:05:24, 0, 0.000, 0, 0.000, 686, 55.3, 4095, 3.300, 0, 0.000, 34.306, *
2022-04-06 18:05:39, 0, 0.000, 0, 0.000, 685, 55.2, 4095, 3.300, 0, 0.000, 34.306, *
2022-04-06 18:05:54, 0, 0.000, 0, 0.000, 686, 55.3, 4095, 3.300, 0, 0.000, 34.306, *
2022-04-06 18:06:07, 0, 0.000, 0, 0.000, 678, 54.6, 4045, 3.260, 0, 0.000, 34.306, *
2022-04-06 18:06:22, 0, 0.000, 922, 0.743, 676, 54.5, 4095, 3.300, 922, 0.743, 818.653
2022-04-06 18:06:39, 0, 0.000, 0, 0.000, 681, 54.9, 4095, 3.300, 0, 0.000, 34.306, *
2022-04-06 18:06:54, 0, 0.000, 38, 0.031, 679, 54.7, 4095, 3.300, 38, 0.031, 66.633, *
2022-04-06 18:07:09, 0, 0.000, 0, 0.000, 680, 54.8, 4095, 3.300, 0, 0.000, 34.306, *
2022-04-06 18:07:24, 0, 0.000, 0, 0.000, 678, 54.6, 4095, 3.300, 0, 0.000, 34.306, *
2022-04-06 18:07:39, 0, 0.000, 0, 0.000, 677, 54.6, 4095, 3.300, 0, 0.000, 34.306, *
2022-04-06 18:07:54, 0, 0.000, 0, 0.000, 678, 54.6, 4095, 3.300, 0, 0.000, 34.306, *
2022-04-06 18:08:09, 0, 0.000, 0, 0.000, 677, 54.6, 4095, 3.300, 0, 0.000, 34.306, *
2022-04-06 18:08:24, 0, 0.000, 0, 0.000, 676, 54.5, 4095, 3.300, 0, 0.000, 34.306, *
2022-04-06 18:08:39, 0, 0.000, 2, 0.002, 676, 54.5, 4095, 3.300, 2, 0.002, 36.008, *
2022-04-06 18:08:52, 0, 0.000, 0, 0.000, 672, 54.2, 4095, 3.300, 0, 0.000, 34.306, *
2022-04-06 18:09:07, 0, 0.000, 0, 0.000, 671, 54.1, 4095, 3.300, 0, 0.000, 34.306, *
2022-04-06 18:09:22, 0, 0.000, 0, 0.000, 670, 54.0, 4095, 3.300, 0, 0.000, 34.306, *
2022-04-06 18:09:37, 0, 0.000, 0, 0.000, 669, 53.9, 4030, 3.248, 0, 0.000, 34.306, *
2022-04-06 18:09:52, 0, 0.000, 0, 0.000, 670, 54.0, 4035, 3.252, 0, 0.000, 34.306, *
2022-04-06 18:10:07, 0, 0.000, 0, 0.000, 671, 54.1, 4038, 3.254, 0, 0.000, 34.306, *
2022-04-06 18:10:22, 0, 0.000, 0, 0.000, 674, 54.3, 4027, 3.245, 0, 0.000, 34.306, *
2022-04-06 18:10:37, 0, 0.000, 0, 0.000, 676, 54.5, 4095, 3.300, 0, 0.000, 34.306, *
2022-04-06 18:10:54, 0, 0.000, 0, 0.000, 684, 55.1, 4095, 3.300, 0, 0.000, 34.306, *
2022-04-06 18:11:09, 0, 0.000, 0, 0.000, 687, 55.4, 4095, 3.300, 0, 0.000, 34.306, *
2022-04-06 18:11:24, 0, 0.000, 0, 0.000, 687, 55.4, 4095, 3.300, 0, 0.000, 34.306, *
2022-04-06 18:11:39, 0, 0.000, 0, 0.000, 688, 55.4, 4095, 3.300, 0, 0.000, 34.306, *
2022-04-06 18:11:54, 0, 0.000, 0, 0.000, 689, 55.5, 4095, 3.300, 0, 0.000, 34.306, *
2022-04-06 18:12:09, 0, 0.000, 0, 0.000, 690, 55.6, 4095, 3.300, 0, 0.000, 34.306, *
2022-04-06 18:12:24, 0, 0.000, 0, 0.000, 691, 55.7, 4095, 3.300, 0, 0.000, 34.306, *
2022-04-06 18:12:39, 0, 0.000, 0, 0.000, 691, 55.7, 4095, 3.300, 0, 0.000, 34.306, *
2022-04-06 18:12:54, 0, 0.000, 0, 0.000, 692, 55.8, 4095, 3.300, 0, 0.000, 34.306, *
2022-04-06 18:13:09, 0, 0.000, 0, 0.000, 694, 55.9, 4095, 3.300, 0, 0.000, 34.306, *
2022-04-06 18:13:24, 0, 0.000, 0, 0.000, 694, 55.9, 4095, 3.300, 0, 0.000, 34.306, *
2022-04-06 18:13:39, 0, 0.000, 0, 0.000, 692, 55.8, 4095, 3.300, 0, 0.000, 34.306, *
2022-04-06 18:13:54, 0, 0.000, 0, 0.000, 694, 55.9, 4095, 3.300, 0, 0.000, 34.306, *
2022-04-06 18:14:09, 0, 0.000, 0, 0.000, 694, 55.9, 4095, 3.300, 0, 0.000, 34.306, *
2022-04-06 18:14:24, 0, 0.000, 0, 0.000, 694, 55.9, 4095, 3.300, 0, 0.000, 34.306, *
2022-04-06 18:14:39, 0, 0.000, 0, 0.000, 693, 55.8, 4095, 3.300, 0, 0.000, 34.306, *
2022-04-06 18:14:54, 0, 0.000, 0, 0.000, 693, 55.8, 4095, 3.300, 0, 0.000, 34.306, *
2022-04-06 18:15:09, 0, 0.000, 0, 0.000, 694, 55.9, 4095, 3.300, 0, 0.000, 34.306, *
2022-04-06 18:15:24, 0, 0.000, 0, 0.000, 693, 55.8, 4095, 3.300, 0, 0.000, 34.306, *
2022-04-06 18:15:39, 0, 0.000, 0, 0.000, 693, 55.8, 4095, 3.300, 0, 0.000, 34.306, *
2022-04-06 18:15:54, 0, 0.000, 0, 0.000, 692, 55.8, 4095, 3.300, 0, 0.000, 34.306, *
2022-04-06 18:16:09, 0, 0.000, 0, 0.000, 692, 55.8, 4095, 3.300, 0, 0.000, 34.306, *
2022-04-06 18:16:24, 0, 0.000, 0, 0.000, 692, 55.8, 4095, 3.300, 0, 0.000, 34.306, *
2022-04-06 18:16:39, 0, 0.000, 0, 0.000, 692, 55.8, 4095, 3.300, 0, 0.000, 34.306, *
2022-04-06 18:16:54, 0, 0.000, 0, 0.000, 693, 55.8, 4095, 3.300, 0, 0.000, 34.306, *
2022-04-06 18:17:09, 0, 0.000, 0, 0.000, 692, 55.8, 4095, 3.300, 0, 0.000, 34.306, *
2022-04-06 18:17:24, 0, 0.000, 0, 0.000, 691, 55.7, 4095, 3.300, 0, 0.000, 34.306, *
2022-04-06 18:17:39, 0, 0.000, 0, 0.000, 691, 55.7, 4095, 3.300, 0, 0.000, 34.306, *
2022-04-06 18:17:52, 0, 0.000, 0, 0.000, 691, 55.7, 4095, 3.300, 0, 0.000, 34.306, *
2022-04-06 18:18:09, 0, 0.000, 0, 0.000, 693, 55.8, 4095, 3.300, 0, 0.000, 34.306, *
2022-04-06 18:18:24, 0, 0.000, 0, 0.000, 689, 55.5, 4095, 3.300, 0, 0.000, 34.306, *
2022-04-06 18:18:37, 0, 0.000, 0, 0.000, 688, 55.4, 4095, 3.300, 0, 0.000, 34.306, *
2022-04-06 18:18:52, 0, 0.000, 0, 0.000, 688, 55.4, 4095, 3.300, 0, 0.000, 34.306, *
2022-04-06 18:19:07, 0, 0.000, 0, 0.000, 689, 55.5, 4095, 3.300, 0, 0.000, 34.306, *
2022-04-06 18:19:22, 0, 0.000, 0, 0.000, 687, 55.4, 3964, 3.194, 0, 0.000, 34.306, *
2022-04-06 18:19:37, 0, 0.000, 0, 0.000, 691, 55.7, 4095, 3.300, 0, 0.000, 34.306, *
2022-04-06 18:19:52, 0, 0.000, 0, 0.000, 691, 55.7, 4023, 3.242, 0, 0.000, 34.306, *
2022-04-06 18:20:07, 0, 0.000, 0, 0.000, 695, 56.0, 4095, 3.300, 0, 0.000, 34.306, *
2022-04-06 18:20:22, 0, 0.000, 0, 0.000, 698, 56.2, 4095, 3.300, 0, 0.000, 34.306, *
2022-04-06 18:20:37, 0, 0.000, 0, 0.000, 700, 56.4, 4095, 3.300, 0, 0.000, 34.306, *
2022-04-06 18:20:52, 0, 0.000, 0, 0.000, 703, 56.7, 4091, 3.297, 0, 0.000, 34.306, *
2022-04-06 18:21:07, 0, 0.000, 0, 0.000, 704, 56.7, 4095, 3.300, 0, 0.000, 34.306, *
2022-04-06 18:21:22, 0, 0.000, 0, 0.000, 706, 56.9, 4095, 3.300, 0, 0.000, 34.306, *
2022-04-06 18:21:37, 0, 0.000, 0, 0.000, 710, 57.2, 4091, 3.297, 0, 0.000, 34.306, *
2022-04-06 18:21:52, 0, 0.000, 0, 0.000, 715, 57.6, 4094, 3.299, 0, 0.000, 34.306, *
2022-04-06 18:22:07, 0, 0.000, 0, 0.000, 715, 57.6, 4015, 3.236, 0, 0.000, 34.306, *
2022-04-06 18:22:22, 0, 0.000, 0, 0.000, 719, 57.9, 4095, 3.300, 0, 0.000, 34.306, *
2022-04-06 18:22:37, 0, 0.000, 0, 0.000, 721, 58.1, 4095, 3.300, 0, 0.000, 34.306, *
2022-04-06 18:22:52, 0, 0.000, 0, 0.000, 725, 58.4, 4095, 3.300, 0, 0.000, 34.306, *
2022-04-06 18:23:07, 0, 0.000, 0, 0.000, 727, 58.6, 4095, 3.300, 0, 0.000, 34.306, *
2022-04-06 18:23:22, 0, 0.000, 0, 0.000, 731, 58.9, 4095, 3.300, 0, 0.000, 34.306, *
2022-04-06 18:23:37, 0, 0.000, 0, 0.000, 735, 59.2, 4095, 3.300, 0, 0.000, 34.306, *
2022-04-06 18:23:52, 0, 0.000, 0, 0.000, 737, 59.4, 4095, 3.300, 0, 0.000, 34.306, *
2022-04-06 18:24:07, 0, 0.000, 0, 0.000, 740, 59.6, 4094, 3.299, 0, 0.000, 34.306, *
2022-04-06 18:24:22, 0, 0.000, 0, 0.000, 742, 59.8, 4095, 3.300, 0, 0.000, 34.306, *
2022-04-06 18:24:37, 0, 0.000, 0, 0.000, 744, 60.0, 4081, 3.289, 0, 0.000, 34.306, *
2022-04-06 18:24:52, 0, 0.000, 0, 0.000, 749, 60.4, 4095, 3.300, 0, 0.000, 34.306, *
2022-04-06 18:25:07, 0, 0.000, 0, 0.000, 751, 60.5, 4095, 3.300, 0, 0.000, 34.306, *
2022-04-06 18:25:22, 0, 0.000, 0, 0.000, 751, 60.5, 3973, 3.202, 0, 0.000, 34.306, *
